Nom de l'entreprise,Lien
SOCIETE ANONYME MAROCAINE DE L'INDUSTRIE DU RAFFINAGE,societe-societe-anonyme-marocaine-de-l-industrie-du-raffinage-43119
MAROC PHOSPHORE,societe-maroc-phosphore-81642
OFFICE CHERIFIEN DES PHOSPHATES,societe-office-cherifien-des-phosphates-57215
ITTISSALAT AL MAGHRIB,societe-ittissalat-al-maghrib-91601
SOCIETE DE CIMENTS & PRODUITS METALLURGIQUES,societe-societe-de-ciments-produits-metallurgiques-57747
SOCIETE AFRIQUIA MAROCAINE DE DISTRIBUTION DE CARBURANTS,societe-societe-afriquia-marocaine-de-distribution-de-carburants-66678
COMPAGNIE NATIONALE ROYAL AIR MAROC,societe-compagnie-nationale-royal-air-maroc-70550
MARJANE HOLDING,societe-marjane-holding-48743
TOTALENERGIES MARKETING MAROC,societe-totalenergies-marketing-maroc-4047
SOCIETE NATIONALE DE SIDERURGIE,societe-societe-nationale-de-siderurgie-86794
DOUNIA PLAST,societe-dounia-plast-63524
PETROLES DU MAGHREB,societe-petroles-du-maghreb-6923
CENTRALE DANONE,societe-centrale-danone-1115
LYDEC,societe-lydec-78635
PHOSPHATES DE BOUCRAA,societe-phosphates-de-boucraa-16069
LESIEUR CRISTAL,societe-lesieur-cristal-7070
LAFARGEHOLCIM MAROC,societe-lafargeholcim-maroc-55049
CIE SUCRIERE MAROCAINE ET DE RAFFINAGE,societe-cie-sucriere-marocaine-et-de-raffinage-59680
STE INDO MAROC PHOSPHORE,societe-ste-indo-maroc-phosphore-91059
MOBILE OIL MAROC,societe-mobile-oil-maroc-959
RENAULT COMMERCE MAROC,societe-renault-commerce-maroc-1757
WINXO,societe-winxo-65952
SOCIETE MAROCAINE DE CONSTRUCTIONS AUTOMOBILES,societe-societe-marocaine-de-constructions-automobiles-79549
AFRIQUIA GAZ,societe-afriquia-gaz-48255
LES HUILERIES DU SOUSS BEL HASSAN,societe-les-huileries-du-souss-bel-hassan-93280
MAROC DESSERT INTERNATIONAL,societe-maroc-dessert-international-130101
ARADEI CAPITAL,societe-aradei-capital-53086
CIMENTS DU MAROC,societe-ciments-du-maroc-41140
PAKISTAN MAROC PHOSPHORE,societe-pakistan-maroc-phosphore-150582
STE DE PROMOTION INDUSTRIELLE ET AUTOMOBILE AU MAROC,societe-ste-de-promotion-industrielle-et-automobile-au-maroc-63062
DOUJA PROMOTION GROUPE ADDOHA,societe-douja-promotion-groupe-addoha-51919
SOCIETE MAROCAINE DES CARBURANTS ZIZ,societe-societe-marocaine-des-carburants-ziz-58760
MAGHREB STEEL,societe-maghreb-steel-61886
ATLAS BLUE,societe-atlas-blue-146113
HOLCIM MAROC,societe-holcim-maroc-16089
EURO MAROC PHOSPHORE,societe-euro-maroc-phosphore-79558
PETROMIN OILS DU MAROC,societe-petromin-oils-du-maroc-43887
SOCIETE GENERALE DES TRAVAUX DU MAROC,societe-societe-generale-des-travaux-du-maroc-59645
TOYOTA DU MAROC,societe-toyota-du-maroc-71158
ALF SAHEL,societe-alf-sahel-101734
APTIV SERVICES MAROC,societe-aptiv-services-maroc-97117
WANA CORPORATE,societe-wana-corporate-104201
UNIVERS ACIER,societe-univers-acier-124942
ACIMA,societe-acima-552
NEXANS MAROC,societe-nexans-maroc-7237
LG ELECTRONICS MOROCCO,societe-lg-electronics-morocco-95175
GSM AL MAGHRIB,societe-gsm-al-maghrib-91013
CENTRALE AUTOMOBILE CHERIFIENNE,societe-centrale-automobile-cherifienne-4459
SOCIETE DES BOISSONS DU MAROC,societe-societe-des-boissons-du-maroc-1999
SOCIETE CENTRALE DES BOISSONS GAZEUSES,societe-societe-centrale-des-boissons-gazeuses-106478
ABU EISHEH CONSTRUCTION CO,societe-abu-eisheh-construction-co-139322
GROMIC,societe-gromic-42410
CASA GRAINS,societe-casa-grains-133404
UNILEVER MAGHREB,societe-unilever-maghreb-59962
LES GRANDS TRAVAUX ROUTIERS,societe-les-grands-travaux-routiers-167343
AL OMRANE MARRAKECH-SAFI,societe-al-omrane-marrakech-safi-197756
GAZAFRIC,societe-gazafric-30511
AUTO NEJMA MAROC,societe-auto-nejma-maroc-62079
SOCIETE NATIONALE DES AUTOROUTES DU MAROC,societe-societe-nationale-des-autoroutes-du-maroc-10886
INTERNATIONAL MARITIME TRANSPORT CORPORATION,societe-international-maritime-transport-corporation-49941
YAZAKI MOROCCO,societe-yazaki-morocco-135292
CMCP INTERNATIONAL PAPER,societe-cmcp-international-paper-17828
SOCIETE MAROCAINE DE COOPERATION PHARMACEUTIQUE,societe-societe-marocaine-de-cooperation-pharmaceutique-62192
SEWS CABIND MAROC,societe-sews-cabind-maroc-114619
LABEL'VIE,societe-label-vie-14282
CHARAF CORPORATION,societe-charaf-corporation-1242
GRADERCO,societe-graderco-43079
ST MICRO ELECTRONICS SAS MAROC,societe-st-micro-electronics-sas-maroc-66355
COMANAV-FERRY,societe-comanav-ferry-202850
SAISS CEREALES,societe-saiss-cereales-25594
DISWAY,societe-disway-61038
ASWAK ASSALAM,societe-aswak-assalam-88628
DYNACOME,societe-dynacome-120151
COFICAB MAROC,societe-coficab-maroc-116199
EVIOSYS PACKAGING MAROC,societe-eviosys-packaging-maroc-8349
SE BORDNETZE MOROCCO,societe-se-bordnetze-morocco-115494
SANOFI-AVENTIS MAROC,societe-sanofi-aventis-maroc-65467
IMMOLOG,societe-immolog-165795
SOCIETE NATIONALE D'ELECTROLYSE ET DE PETROCHIMIE,societe-societe-nationale-d-electrolyse-et-de-petrochimie-90920
SEFAMAR,societe-sefamar-46549
STE FRERES ASSAKOUR,societe-ste-freres-assakour-59451
ETABLISSEMENT FADILE MOHAMED,societe-etablissement-fadile-mohamed-55736
SOCIETE DE TRAVAUX AGRICOLES MAROCAINS,societe-societe-de-travaux-agricoles-marocains-46946
COMPAGNIE MAROCAINE DE NAVIGATION,societe-compagnie-marocaine-de-navigation-4113
MAPHAR,societe-maphar-81954
STOKVIS NORD AFRIQUE,societe-stokvis-nord-afrique-66076
VOLVO MAROC,societe-volvo-maroc-109599
KIA MOTORS MAROC,societe-kia-motors-maroc-86138
SOCIETE DES FONDERIES DE PLOMB DE ZELLIDJA,societe-societe-des-fonderies-de-plomb-de-zellidja-27252
COMPAGNIE DE TIFNOUT TIRANIMINE,societe-compagnie-de-tifnout-tiranimine-7936
TRAVAUX GENERAUX DE CONSTRUCTIONS DE CASABLANCA,societe-travaux-generaux-de-constructions-de-casablanca-47993
SOCIETE NATIONALE DES TRANSPORTS ET DE LA LOGISTIQUE,societe-societe-nationale-des-transports-et-de-la-logistique-184230
COMPAGNIE MARITIME MAROCO NORVEGIENNE,societe-compagnie-maritime-maroco-norvegienne-29554
RITA FER,societe-rita-fer-151951
SOCIETE POUR LA REALISATION DU PORT DE TANGER MEDITERRANEE,societe-societe-pour-la-realisation-du-port-de-tanger-mediterranee-158540
SOCIETE NATIONALE DE RADIODIFFUSION ET DE TELEVISION,societe-societe-nationale-de-radiodiffusion-et-de-television-158239
SOCIETE INDUSTRIELLE NORD AFRICAINE POUR L'HYDRAULIQUE L'AGRICULTURE ET LE BATIMENT,societe-societe-industrielle-nord-africaine-pour-l-hydraulique-l-agriculture-et-le-batiment-4701
LEONI WIRING SYSTEMS AIN SEBAA,societe-leoni-wiring-systems-ain-sebaa-60230
IMACAB,societe-imacab-102321
REGIE 3,societe-regie-3-48576
COMPTOIR METALLURGIQUE MAROCAIN,societe-comptoir-metallurgique-marocain-62093
ATLAS VEHICULES INDUSTRIELS,societe-atlas-vehicules-industriels-42312
SAFRAN AIRCRAFT ENGINE SERVICES MOROCCO,societe-safran-aircraft-engine-services-morocco-99600
SOUSS CEREALES,societe-souss-cereales-34650
MOROCCAN IRON STEEL,societe-moroccan-iron-steel-181210
LEONI WIRING SYSTEMS BOUSKOURA,societe-leoni-wiring-systems-bouskoura-61095
LONGOMETAL AFRIQUE,societe-longometal-afrique-74525
IZDA,societe-izda-181970
CEMA BOIS DE L'ATLAS,societe-cema-bois-de-l-atlas-72133
FANDY COMPAGNIE AGRICOLE DE COMMERCIALISATION ET DE CONDITIONNEMENT DES CEREALES ET LEGUMINEUSES,societe-fandy-compagnie-agricole-de-commercialisation-et-de-conditionnement-des-cereales-et-legumineuses-59984
SAVOLA MOROCCO,societe-savola-morocco-129114
UNIVERS MOTORS ASIE,societe-univers-motors-asie-61702
MAGHREB GAZ,societe-maghreb-gaz-63211
AL OMRANE SOUSS MASSA,societe-al-omrane-souss-massa-197767
EL ALF,societe-el-alf-29201
MOHMANE,societe-mohmane-49446
RICHBOND,societe-richbond-59578
BESIX-SOMAGEC,societe-besix-somagec-195125
YOUSRA LI TAJHIZ,societe-yousra-li-tajhiz-147360
SOCIETE DE THERAPEUTIQUE MAROCAINE,societe-societe-de-therapeutique-marocaine-60675
MANUFACTURE NATIONALE POUR LA REFRIGERATION ET L'ELECTRONIQUE,societe-manufacture-nationale-pour-la-refrigeration-et-l-electronique-42774
SOGEA MAROC,societe-sogea-maroc-98336
FIAT CHRYSLER AUTOMOBILES MOROCCO,societe-fiat-chrysler-automobiles-morocco-75198
MEDI TELECOM DISTRIBUTION,societe-medi-telecom-distribution-118074
GHARB PAPIER ET CARTON,societe-gharb-papier-et-carton-106352
ATLAS BOTTLING COMPANY,societe-atlas-bottling-company-34886
LA ROUTE MAROCAINE,societe-la-route-marocaine-161399
BETOMAR,societe-betomar-69240
SOMACHAME,societe-somachame-57198
SUPER CERAME,societe-super-cerame-72765
STE MEDITERRANEENNE POUR L'INDUSTRIE AUTOMOBILE,societe-ste-mediterraneenne-pour-l-industrie-automobile-56689
SOCIETE D'ETUDE ET DE REALISATIONS AUDIOVISUELLES,societe-societe-d-etude-et-de-realisations-audiovisuelles-51447
COMPTOIR CASABLANCAIS DE PRODUITS METALLURGIQUES,societe-comptoir-casablancais-de-produits-metallurgiques-51627
LAFARGE CEMENTOS,societe-lafarge-cementos-41843
CHARLES BENCHETRIL ET CIE (STE),societe-charles-benchetril-et-cie-ste-2983
SOCIETE PHARMACEUTIQUE DE REPARTITION ET LOGISTIQUE,societe-societe-pharmaceutique-de-repartition-et-logistique-81045
SIEMENS,societe-siemens-1434
COMPAGNIE MINIERE DES GUEMASSA,societe-compagnie-miniere-des-guemassa-59374
PRIMARIOS,societe-primarios-6015
NADOR CEREALES,societe-nador-cereales-109725
LES CELLIERS DE MEKNES,societe-les-celliers-de-meknes-27966
AGRO INDUSTRIELLE AL ATLAS,societe-agro-industrielle-al-atlas-28551
ALUMINIUM DU MAROC,societe-aluminium-du-maroc-37560
MODERNE CONTRACTING,societe-moderne-contracting-144795
BAYER,societe-bayer-60984
SOCIETE NOUVELLE DE VOLAILLES,societe-societe-nouvelle-de-volailles-16150
BUTEC ENERGIES & SERVICES,societe-butec-energies-services-61898
DAMANDIS,societe-damandis-86356
FENIE BROSSETTE,societe-fenie-brossette-1753
ATLAS CIT,societe-atlas-cit-105677
GLAXOSMITHKLINE MAROC,societe-glaxosmithkline-maroc-78172
ENERGIE ELECTRIQUE DE TAHADDART,societe-energie-electrique-de-tahaddart-125502
ALLIANCES DEVELOPPEMENT IMMOBILIER,societe-alliances-developpement-immobilier-43787
LONGOFER,societe-longofer-83761
NADOFER,societe-nadofer-28872
DELICES VIANDE,societe-delices-viande-149572
COMPAGNIE PETROLIERE HISPANO-MAROCAINE,societe-compagnie-petroliere-hispano-marocaine-72682
ENTREPRISE MAROCAINE DE TRAVAUX,societe-entreprise-marocaine-de-travaux-63293
MAROC MODIS,societe-maroc-modis-26725
FIRST REST INTERNATIONAL,societe-first-rest-international-81451
FALCON HIGH TECH ELECTRIC,societe-falcon-high-tech-electric-116555
AGRI TRADE MAROC,societe-agri-trade-maroc-92848
LEAR AUTOMOTIVE MOROCCO,societe-lear-automotive-morocco-136018
STE COMMERCIALE DES BOIS,societe-ste-commerciale-des-bois-63372
DECAPRO MAROC,societe-decapro-maroc-43364
ALIMAROC,societe-alimaroc-104016
SICOTEL MOBILE,societe-sicotel-mobile-189667
ROCHE,societe-roche-65250
SOCIETE DE RESALISATIONS MECANIQUES,societe-societe-de-resalisations-mecaniques-69528
VITAL FER,societe-vital-fer-201660
ROCA MAROC,societe-roca-maroc-20524
SETTAVEX,societe-settavex-22565
STE DE GESTION DE LA LOTERIE NATIONALE MAROCAINE,societe-ste-de-gestion-de-la-loterie-nationale-marocaine-62247
SOCIETE D'EMPLISSAGE DE GAZ DE BERRECHID,societe-societe-d-emplissage-de-gaz-de-berrechid-94160
UNI CONFORT MAROC DOLIDOL,societe-uni-confort-maroc-dolidol-62258
LONGOMETAL ARMATURES,societe-longometal-armatures-171028
SOCIETE NOUVELLE TRAVAUX MAROC,societe-societe-nouvelle-travaux-maroc-96820
STOCK-PRALIM,societe-stock-pralim-28037
COMPAGNIE DE BOISSONS MAROCAINES ET INTERNATIONALES,societe-compagnie-de-boissons-marocaines-et-internationales-99861
ATLAS HOSPITALITY MOROCCO,societe-atlas-hospitality-morocco-86818
MIVISA MAROC,societe-mivisa-maroc-145780
DISTRISOFT MAROC,societe-distrisoft-maroc-47439
SOCIETE AFRICAINE DE FABRICATION DE MARGARINES ET GRAISSES ALIMENTAIRES,societe-societe-africaine-de-fabrication-de-margarines-et-graisses-alimentaires-55145
WHIRLPOOL MAROC,societe-whirlpool-maroc-76429
AB GAZ,societe-ab-gaz-92456
BITUMES ET APPLICATIONS,societe-bitumes-et-applications-14020
SOCIETE GENERALE D'AUTOMOBILES,societe-societe-generale-d-automobiles-16148
SCANIA MAROC,societe-scania-maroc-61091
ETS HAKAM FRERES,societe-ets-hakam-freres-14979
SAFRAN NACELLES MOROCCO,societe-safran-nacelles-morocco-157304
STE PLASTIMA,societe-ste-plastima-82163
MAROC DINDE,societe-maroc-dinde-115691
SOCIETE MAGHREBINE DES CEREALES ET LEGUMINEUSES,societe-societe-maghrebine-des-cereales-et-legumineuses-39009
LAFARGE BETONS,societe-lafarge-betons-49343
INOV PETROLE,societe-inov-petrole-116134
DELATTRE LEVIVIER MAROC,societe-delattre-levivier-maroc-64532
NOKIA SOLUTIONS AND NETWORKS MOROCCO,societe-nokia-solutions-and-networks-morocco-189837
MANI METAL,societe-mani-metal-74750
ROBELBOIS,societe-robelbois-64646
ISTIRAHA STATION,societe-istiraha-station-151816
ORO-MECANICA,societe-oro-mecanica-74375
APM TERMINALS TANGIER,societe-apm-terminals-tangier-155136
MAROC FARINE,societe-maroc-farine-139089
COMPAGNIE MAROCAINE DES BOIS ET MATERIAUX,societe-compagnie-marocaine-des-bois-et-materiaux-62124
FAIENCE ET CERAMIQUE DU MAGHREB,societe-faience-et-ceramique-du-maghreb-60430
LABORATOIRE PUBLIC D'ESSAIS ET D'ETUDES,societe-laboratoire-public-d-essais-et-d-etudes-62932
SOCIETE DE PRODUCTION DE FRUITS ET LEGUMES,societe-societe-de-production-de-fruits-et-legumes-101004
STE COMPTOIR AGRICOLE DU SOUSS,societe-ste-comptoir-agricole-du-souss-96983
SOCIETE DE PRODUCTION MARAICHERE ET HORTICOLE DU MASSA,societe-societe-de-production-maraichere-et-horticole-du-massa-32959
FORDE REEDEREI SEETOURISTIK MAROC,societe-forde-reederei-seetouristik-maroc-291770
INGELEC,societe-ingelec-62818
ALF EL FELLOUS,societe-alf-el-fellous-80491
SOCIETE CHERIFIENNE DE MATERIEL INDUSTRIEL ET FERROVIAIRE,societe-societe-cherifienne-de-materiel-industriel-et-ferroviaire-4182
MENARA PREFA,societe-menara-prefa-144018
STE MAROCAINE ET NORDIQUE DES BOIS,societe-ste-marocaine-et-nordique-des-bois-67888
DIJLA FER,societe-dijla-fer-153195
NEWREST MAROC SERVICES,societe-newrest-maroc-services-54671
DIEBOLD NIXDORF,societe-diebold-nixdorf-102174
SOCIETE DES BRASSERIES DU NORD-MAROCAIN,societe-societe-des-brasseries-du-nord-marocain-24927
MORNATEX,societe-mornatex-117128
MEDI CABLE,societe-medi-cable-113133
SUCRERIES RAFFINERIES DE CANNES,societe-sucreries-raffineries-de-cannes-17385
SOCIETE DE REPARTITION DE MEDICAMENT,societe-societe-de-repartition-de-medicament-110942
MAROCAINE D'ENERGIE DE LUBRIFICATION ET DE SERVICES PETROLIERS,societe-marocaine-d-energie-de-lubrification-et-de-services-petroliers-54674
RISMA,societe-risma-101888
STE MAROCAINE D'INDUSTRIES ALIMENTAIRES,societe-ste-marocaine-d-industries-alimentaires-7682
SOCIETE INDUSTRIELLE OLEICOLE DE FES,societe-societe-industrielle-oleicole-de-fes-26876
COMPAGNIE DES BOISSONS GAZEUSES DU NORD,societe-compagnie-des-boissons-gazeuses-du-nord-27317
MATIS AEROSPACE,societe-matis-aerospace-119689
GROUPE PALMERAIE DEVELOPPEMENT,societe-groupe-palmeraie-developpement-6412
BESTMARK,societe-bestmark-44909
MAXI GRAIN,societe-maxi-grain-130816
AKZO NOBEL COATINGS,societe-akzo-nobel-coatings-3659
LABORATOIRES PHARMA 5,societe-laboratoires-pharma-5-58010
LABORATOIRES PHARMA 5,societe-laboratoires-pharma-5-58010
BYMARO,societe-bymaro-46955
UNION-CERAME,societe-union-cerame-28307
UNION GENERALE DES PARTENARIATS PHARMACEUTIQUES,societe-union-generale-des-partenariats-pharmaceutiques-60949
YOMAR,societe-yomar-53499
VITOGAZ MAROC,societe-vitogaz-maroc-104105
PRODEC,societe-prodec-74308
TECTRA,societe-tectra-127256
SANITUBE,societe-sanitube-62490
SUCRERIES RAFFINERIES DU TADLA,societe-sucreries-raffineries-du-tadla-143898
CONSORTIUM MAROCAIN DE COMMERCIALISATION,societe-consortium-marocain-de-commercialisation-129117
STE GUARIMETAL,societe-ste-guarimetal-26159
CANAL MARKET,societe-canal-market-122408
AIR LIQUIDE MAROC,societe-air-liquide-maroc-66839
MOBILE PHONE,societe-mobile-phone-105407
ATLANTIC CONSERVES,societe-atlantic-conserves-96472
SICOTEL DISTRIBUTION,societe-sicotel-distribution-191417
STE MAROCAINE DE DISTILATION ET RECTIFICATION,societe-ste-marocaine-de-distilation-et-rectification-7985
STE MAROCAINE INDUSTRIELLE FINANCIERE ET AGRICOLE,societe-ste-marocaine-industrielle-financiere-et-agricole-69722
SCHNEIDER ELECTRIC MAROC,societe-schneider-electric-maroc-63377
LES CABLERIES DU MAROC,societe-les-cableries-du-maroc-67244
VENTE D'APPAREILS MENAGERS (STE ANONYME DE),societe-vente-d-appareils-menagers-ste-anonyme-de-2231
SGTM OFF SHORE,societe-sgtm-off-shore-164781
COMPAGNIE MAROCAINE INDUSTRIELLE ET COMMERCIALE,societe-compagnie-marocaine-industrielle-et-commerciale-59492
OCP SOLUTIONS,societe-ocp-solutions-66534
LES GRANDES SEMOULERIES DU MAROC,societe-les-grandes-semouleries-du-maroc-58665
STE NOUVELLE DES MOULINS DU MAGHREB,societe-ste-nouvelle-des-moulins-du-maghreb-60914
SOCIETE MAROCAINE DE L'AIR COMPRIME,societe-societe-marocaine-de-l-air-comprime-68004
CANAL FOOD,societe-canal-food-162763
AYAM FER,societe-ayam-fer-168708
LES GRANDES MARQUES ET CONSERVERIES CHERIFIENNES REUNIES,societe-les-grandes-marques-et-conserveries-cherifiennes-reunies-2956
EXTRA ELECTRO MENAGERS,societe-extra-electro-menagers-43729
PETROM SAHARA,societe-petrom-sahara-80603
LABORATOIRES PFIZER,societe-laboratoires-pfizer-71033
ENTREPRISE SEFIANI,societe-entreprise-sefiani-143218
PROMOTION PHARMACEUTIQUE DU MAGHREB,societe-promotion-pharmaceutique-du-maghreb-95625
ABDA CEREALES,societe-abda-cereales-96155
MAROC BUREAU,societe-maroc-bureau-59481
MIXTA MAROC,societe-mixta-maroc-157521
SOCIETE MAROCAINE D'EXPLOITATION ET DE COMMERCIALISATION MINIERE,societe-societe-marocaine-d-exploitation-et-de-commercialisation-miniere-113866
IWACO,societe-iwaco-181459
MOBILE COM,societe-mobile-com-103037
SOMAPORT,societe-somaport-182021
LES CONSERVES DE MEKNES,societe-les-conserves-de-meknes-33776
L'OREAL MAROC,societe-l-oreal-maroc-5552
CCT PLAST,societe-cct-plast-145806
TRIA GROUP,societe-tria-group-63054
GROUPEMENT DES CERAMIQUES REUNIES,societe-groupement-des-ceramiques-reunies-19799
MINOTERIE ET STOCKAGE DES CEREALES BEN RABIA,societe-minoterie-et-stockage-des-cereales-ben-rabia-161637
JAMADIS,societe-jamadis-168108
LA MAROCAINE DE DISTRIBUTION ET DE LOGISTIQUE,societe-la-marocaine-de-distribution-et-de-logistique-140449
KITEA,societe-kitea-45150
MECOMAR,societe-mecomar-77865
MOULINS EL WAHDA,societe-moulins-el-wahda-79342
SOCIETE CHERIFIENNE D'ENGRAIS ET DE PRODUITS CHIMIQUES,societe-societe-cherifienne-d-engrais-et-de-produits-chimiques-473
SOCIETE METALLURGIQUE D'IMITER,societe-societe-metallurgique-d-imiter-90045
SOCIETE DES BOISSONS GAZEUSES DU SOUSS,societe-societe-des-boissons-gazeuses-du-souss-34393
HOLCIM BETONS,societe-holcim-betons-158456
SOCIETE DE DISTRIBUTION DE MATERIEL INDUSTRIEL ET AUTOMOBILE CASTANO ET CIE,societe-societe-de-distribution-de-materiel-industriel-et-automobile-castano-et-cie-31788
AL OMRANE CASABLANCA SETTAT,societe-al-omrane-casablanca-settat-197245
ATLAS SERVAIR,societe-atlas-servair-189116
SOCIETE INTERCONTINENTALE IMMOBILIERE ET INDUSTRIELLE,societe-societe-intercontinentale-immobiliere-et-industrielle-6661
COMPAGNIE DE PRODUITS CHIMIQUES DU MAROC,societe-compagnie-de-produits-chimiques-du-maroc-8352
STE MAROCAINE DES PETROLES,societe-ste-marocaine-des-petroles-57390
BOTTU,societe-bottu-64653
ISMAILIA GAZ,societe-ismailia-gaz-52626
AL OMRANE MEKNES,societe-al-omrane-meknes-197754
AZZURRO,societe-azzurro-119438
POLYDESIGN SYSTEMS,societe-polydesign-systems-113605
PHARMACEUTIQUE DU CENTRE,societe-pharmaceutique-du-centre-18161
SIGNIFY MAROC,societe-signify-maroc-66245
PNEURAMA,societe-pneurama-41065
AVENDIS COSMETICS,societe-avendis-cosmetics-131690
AFRINETWORKS,societe-afrinetworks-103029
MED PAPER,societe-med-paper-40698
LES GRANDS CHANTIERS ROUTIERS,societe-les-grands-chantiers-routiers-13833
AFRIQUIA LUBRIFIANTS MAROC,societe-afriquia-lubrifiants-maroc-109944
NGE CONTRACTING,societe-nge-contracting-88033
FROMAGERIE DES DOUKKALA,societe-fromagerie-des-doukkala-91367
SOCIÉTÉ D'EXPLOITATION AGRICOLE DUROC,societe-societe-d-exploitation-agricole-duroc-51710
LES MOULINS LAHLAL,societe-les-moulins-lahlal-99790
GROUPE MOJAZINE,societe-groupe-mojazine-126703
COMPAGNIE DE TRANSPORT AU MAROC,societe-compagnie-de-transport-au-maroc-63766
SOCIETE NOUVELLE DES CONDUITES D'EAU,societe-societe-nouvelle-des-conduites-d-eau-14966
TUBE ET PROFIL,societe-tube-et-profil-60963
CENTRE PNEUMATIQUE IBN TACHFINE,societe-centre-pneumatique-ibn-tachfine-60340
SOCIETE MAROCAINE DE TRAVAUX ET D'ENTREPRISES GENERALES,societe-societe-marocaine-de-travaux-et-d-entreprises-generales-63726
COMPAGNIE GENERALE DE REMPLISSAGE DE GAZ,societe-compagnie-generale-de-remplissage-de-gaz-151809
CIE MAROCAINE DE BUREAUTIQUE ET D'INFORMATIQUE,societe-cie-marocaine-de-bureautique-et-d-informatique-79805
COMPAGNIE MINIERE DE TOUISSIT,societe-compagnie-miniere-de-touissit-62085
LES GRANDS MOULINS SAROUT LISSASFA,societe-les-grands-moulins-sarout-lissasfa-40883
LA GROSSISTERIE PHARMACEUTIQUE DU MAROC,societe-la-grossisterie-pharmaceutique-du-maroc-164095
SOCIETE RIFAINE DES MATERIAUX DE CONSTRUCTION,societe-societe-rifaine-des-materiaux-de-construction-33737
M.R.RENOUVO,societe-m-r-renouvo-4286
DUFRY MAROC,societe-dufry-maroc-127458
LES GRANDS MOULINS DE L'UNION MAGHREBINE,societe-les-grands-moulins-de-l-union-maghrebine-104157
COPRALIM,societe-copralim-41640
STE MAROCAINE GILMARFER,societe-ste-marocaine-gilmarfer-60599
DAHER AEROSPACE MAROC,societe-daher-aerospace-maroc-115541
MINOTERIE EL BASSATINE,societe-minoterie-el-bassatine-26954
DRAGON GAZ,societe-dragon-gaz-38224
SOPHASALE,societe-sophasale-23427
SOCIETE D'EFFILOCHAGE FILATURE TISSAGE ET APPRETS,societe-societe-d-effilochage-filature-tissage-et-apprets-27604
CASINO MANAGEMENT GROUP,societe-casino-management-group-93644
SUD CONCESSION AUTOMOBILE,societe-sud-concession-automobile-102892
FOODIPEX,societe-foodipex-124893
SUZUKI MAROC,societe-suzuki-maroc-96584
NOVARTIS PHARMA MAROC,societe-novartis-pharma-maroc-62422
C.A.P.E.P,societe-c-a-p-e-p-50962
FRAMOTEL MAROC,societe-framotel-maroc-9072
SOCIETE PHARMACEUTIQUE DE DISTRIBUTION DE MEDICAMENT,societe-societe-pharmaceutique-de-distribution-de-medicament-86478
STE FASSIE DE BOIS ET MENUISERIE,societe-ste-fassie-de-bois-et-menuiserie-82617
VENTEC,societe-ventec-70625
OMNIUM NORD AFRICAIN,societe-omnium-nord-africain-716
ORIENTIS INVEST,societe-orientis-invest-159099
INDUSTRIE SAKIA EL HAMRA,societe-industrie-sakia-el-hamra-87394
NOUVELLE COMPAGNIE ROYALE D'AUTOMOBILES,societe-nouvelle-compagnie-royale-d-automobiles-2275
ETS EL FILALIA DE CONSTRUCTION,societe-ets-el-filalia-de-construction-29626
BRIQUETERIE BATI CHAOUIA,societe-briqueterie-bati-chaouia-93476
STE COMARSHIP,societe-ste-comarship-50472
"SOCIETE ARABO AFRICAINE DE DISTRIBUTION, D'EDITION ET DE PRESSE",societe-societe-arabo-africaine-de-distribution-d-edition-et-de-presse-60540
TRANSPORT INDUSTRIEL DU MAGHREB ET LOGISTIQUE,societe-transport-industriel-du-maghreb-et-logistique-108161
LADIS,societe-ladis-95997
MOUNA FOOD,societe-mouna-food-185077
MAREMCO,societe-maremco-203048
LES GRANDS MOULINS FASSIS,societe-les-grands-moulins-fassis-26905
LES GRANDS MOULINS DE SAFI,societe-les-grands-moulins-de-safi-11723
LES GRANDS MOULINS EL ATLAS,societe-les-grands-moulins-el-atlas-34139
FAMACO,societe-famaco-167432
COLGATE PALMOLIVE MAROC,societe-colgate-palmolive-maroc-66317
PESBAK ET BENJELLOUN,societe-pesbak-et-benjelloun-109916
INTELCIA MAROC INSHORE,societe-intelcia-maroc-inshore-105345
LA CONTINENTALE DU SERVICE,societe-la-continentale-du-service-55852
NOUVELLE AVEIRO MAROC,societe-nouvelle-aveiro-maroc-34601
DISTRIBUTION ET INDUSTRIE PHARMACEUTIQUE POUR LE MAGHREB,societe-distribution-et-industrie-pharmaceutique-pour-le-maghreb-52028
PROVIMAC,societe-provimac-87880
SOSAMAC,societe-sosamac-165270
COMPAGNIE INDUSTRIELLE DES FIBRES,societe-compagnie-industrielle-des-fibres-35484
STE ERICSSON MAROC,societe-ste-ericsson-maroc-80147
ISMAWOOD,societe-ismawood-77008
GADIMAT,societe-gadimat-30815
INTEREDEC MAROC,societe-interedec-maroc-58392
MAROC-SOIR,societe-maroc-soir-66159
FC COMMUNICATION,societe-fc-communication-94822
SOCIETE GENERALE DE TISSAGE,societe-societe-generale-de-tissage-67389
TELECOM PARTNERS,societe-telecom-partners-111696
TADLA PHARM,societe-tadla-pharm-23089
COOPERATIVE PHARMACEUTIQUE MAROCAINE,societe-cooperative-pharmaceutique-marocaine-66274
INJAZ SAKANE,societe-injaz-sakane-153141
ETABLISSEMENTS LEOPOLD BERENGER,societe-etablissements-leopold-berenger-7221
STE FERMIERE DU CASINO DE MARRAKECH ET POUR LE DEVELOPPEMENT IMMOBILIER TOURISTIQUE DE MARRAKECH,societe-ste-fermiere-du-casino-de-marrakech-et-pour-le-developpement-immobilier-touristique-de-marrakech-8726
SOCIETE PETROLIERE INTERNATIONALE DU NORD,societe-societe-petroliere-internationale-du-nord-126187
MONDELEZ MAROC,societe-mondelez-maroc-59744
VALTECH,societe-valtech-18682
DELTA MATERIAUX,societe-delta-materiaux-107224
DELASSUS,societe-delassus-4537
EURO FACTORY,societe-euro-factory-102258
CASA PROFIL,societe-casa-profil-43274
BADR BETON,societe-badr-beton-25671
MICRO DATA,societe-micro-data-171586
GRAND MOULIN DE FEDANE CHEMS,societe-grand-moulin-de-fedane-chems-144603
FILMET,societe-filmet-41188
S W DES TRAVAUX PUBLICS,societe-s-w-des-travaux-publics-11755
STE MAROCAINE DE FABRICATION ET CONDITIONNEMENT,societe-ste-marocaine-de-fabrication-et-conditionnement-54826
MCKINSEY & COMPANY MOROCCO,societe-mckinsey-company-morocco-150253
GARAGE LAFAYETTE TANGER,societe-garage-lafayette-tanger-34739
AMITECH MAROC,societe-amitech-maroc-147369
GOCOM,societe-gocom-178628
EBERTEC,societe-ebertec-6765
MAX DISTRIBUTION INTERNATIONAL CORPORATION,societe-max-distribution-international-corporation-41555
SOCIETE D'EMPLISSAGE DE GAZ D'OUARZAZATE,societe-societe-d-emplissage-de-gaz-d-ouarzazate-49862
CENTRELEC,societe-centrelec-81728
FIRST TELECOM,societe-first-telecom-101530
SOCIETE PHARMACEUTIQUE DE FAS,societe-societe-pharmaceutique-de-fas-29052
TADLA GAZ,societe-tadla-gaz-62612
LES GRANDS MOULINS DU TENSIFT,societe-les-grands-moulins-du-tensift-125909
STE INDUSTRIELLE MAROCAINE D'ENTREPRISE CHIMIQUES,societe-ste-industrielle-marocaine-d-entreprise-chimiques-50105
COMPAGNIE MAROCAINE DE GOUTTE A GOUTTE ET DE POMPAGE,societe-compagnie-marocaine-de-goutte-a-goutte-et-de-pompage-72740
LGM DENIM,societe-lgm-denim-146805
STE IMMOBILIERE SOUIRIA VI,societe-ste-immobiliere-souiria-vi-42167
CMA CGM MAROC,societe-cma-cgm-maroc-125631
CELEG MAROC,societe-celeg-maroc-53936
STATION D'EMBALLAGE KABBAGE SOUSS,societe-station-d-emballage-kabbage-souss-33386
ALF TANSIFT,societe-alf-tansift-11852
SOCIETE MAROCAINE DES EMBALLAGES FANTASIA,societe-societe-marocaine-des-emballages-fantasia-96981
DEPAMAR,societe-depamar-183604
INTERTRONIC MAROC,societe-intertronic-maroc-55062
PHONE ONLINE,societe-phone-online-160557
IBM MAROC,societe-ibm-maroc-42427
MAERSK MAROC,societe-maersk-maroc-125140
MAROC METAUX MEDIACO,societe-maroc-metaux-mediaco-116112
ART CONTEMPORAIN DE LA CERAMIQUE,societe-art-contemporain-de-la-ceramique-115347
PRIMEURS ET QUALITE,societe-primeurs-et-qualite-131090
STE DE TRAVAUX DE REALISATION D'OUVRAGES ET DE CONSTRUCTION INDUSTRIELLE,societe-ste-de-travaux-de-realisation-d-ouvrages-et-de-construction-industrielle-3294
LARBI BOIS,societe-larbi-bois-59150
BOUGHAZ AUTO (STE),societe-boughaz-auto-ste-74447
MOUSSAFIR HOTELS,societe-moussafir-hotels-151463
SOCIETE NASR DE BATIMENT ET DE TRAVAUX PUBLICS,societe-societe-nasr-de-batiment-et-de-travaux-publics-32239
LABORATOIRES PHARMACEUTIQUES GALENICA,societe-laboratoires-pharmaceutiques-galenica-55022
LABORATOIRES AFRIC-PHAR,societe-laboratoires-afric-phar-58595
DEWHIRST LADIESWEAR MOROCCO,societe-dewhirst-ladieswear-morocco-89026
TSYPROM,societe-tsyprom-142274
L.V BUREAU D'ETUDES ET D'ARCHITECTURE,societe-l-v-bureau-d-etudes-et-d-architecture-88088
MAROMETAL,societe-marometal-57925
SOCIETE D'EXPLOITATION HOTELIERE KENZI,societe-societe-d-exploitation-hoteliere-kenzi-98304
BELMA,societe-belma-124194
LES GRANDS MOULINS NAHDA,societe-les-grands-moulins-nahda-137025
MARINA BLANCA,societe-marina-blanca-135373
SOCIETE TECHNIQUE DE MATERIEL AGRICOLE,societe-societe-technique-de-materiel-agricole-30479
SOGETRAMA GLS,societe-sogetrama-gls-22365
DEXYS CAPITAL,societe-dexys-capital-62474
JET CONTRACTORS,societe-jet-contractors-115564
SEWS MAROC,societe-sews-maroc-194246
INTER TRIDIM,societe-inter-tridim-25994
MARPHOCEAN,societe-marphocean-60521
SOCIETE MAROCAINE DE TRAVAUX ET CONSTRUCTIONS ELECTRIQUES,societe-societe-marocaine-de-travaux-et-constructions-electriques-41584
DIESEL MATERIEL EQUIPEMENT,societe-diesel-materiel-equipement-61682
COMPAGNIE MAROCAINE DES BARYTES,societe-compagnie-marocaine-des-barytes-12124
CHERIFIENNE D'ETUDES MINIERES,societe-cherifienne-d-etudes-minieres-8402
LES GRANDES SEMOULERIES DE SAFI,societe-les-grandes-semouleries-de-safi-119292
ASSAKAN AL JADID,societe-assakan-al-jadid-124811
SOCIETE D'EXPLOITATION DES PROCEDES BOUSSIRON,societe-societe-d-exploitation-des-procedes-boussiron-64772
SOCIETE ARABE DEVELOPPEMENT DES TECHNOLOGIES DE CONSTRUCTION,societe-societe-arabe-developpement-des-technologies-de-construction-17366
GENERAL CONTRACTOR MAROC,societe-general-contractor-maroc-163003
WEBHELP MULTIMEDIA,societe-webhelp-multimedia-171813
MANZEH DIAFA,societe-manzeh-diafa-50149
MAGHREB INDUSTRIES,societe-maghreb-industries-60875
AMCOR FLEXIBLES MOHAMMEDIA,societe-amcor-flexibles-mohammedia-40938
POLYMEDIC,societe-polymedic-65245
SUCRERIE RAFFINERIE DE L'ORIENTAL,societe-sucrerie-raffinerie-de-l-oriental-65992
MATIMEX,societe-matimex-54583
BOURSE DE CASABLANCA,societe-bourse-de-casablanca-70446
UNIVERS MOTORS EUROPE,societe-univers-motors-europe-183817
SOCIETE DES PEINTURES ARCOL,societe-societe-des-peintures-arcol-28541
SOCIETE DE TRANSPORTS REGIONAUX,societe-societe-de-transports-regionaux-56212
BELADI HADJ FATAH,societe-beladi-hadj-fatah-126031
KARKACHI & FATH,societe-karkachi-fath-91230
SOCIETE AFRICAINE DE FINANCEMENT ET DE REALISATIONS INDUSTRIELLES DES PAPIERS ET CARTONS,societe-societe-africaine-de-financement-et-de-realisations-industrielles-des-papiers-et-cartons-84848
STELIA AEROSPACE MAROC,societe-stelia-aerospace-maroc-65883
ELECTRO SOUND INDUSTRIES,societe-electro-sound-industries-58720
STE MAROCAINE D'ENGRAIS ET DE PRODUITS CHIMIQUES AGRICOLES ET INDUSTRIELS,societe-ste-marocaine-d-engrais-et-de-produits-chimiques-agricoles-et-industriels-68742
OROGRAINS,societe-orograins-155620
SCPC SAPEL,societe-scpc-sapel-15860
SAHATEL,societe-sahatel-182570
STE KOMAROC,societe-ste-komaroc-30584
RADI,societe-radi-37648
ETABLISSEMENTS BENLAFKIH ET FILS,societe-etablissements-benlafkih-et-fils-74885
MOBILIA,societe-mobilia-88754
STE ALD AUTOMOTIVE,societe-ste-ald-automotive-109053
SOCIETE INDUSTRIELLE DE MINOTERIE DU SUD,societe-societe-industrielle-de-minoterie-du-sud-1391
SOCIETE DE PROMOTION IMMOBILIERE LABEN,societe-societe-de-promotion-immobiliere-laben-126479
BATIFER,societe-batifer-61166
MAGHREB OXYGENE,societe-maghreb-oxygene-28553
MED SHIPPING COMPANY MAROC,societe-med-shipping-company-maroc-102228
STE SIRMEL,societe-ste-sirmel-60578
TECHNOLOGIE INDUSTRIELLE,societe-technologie-industrielle-47254
INDUSTRIE CEREALIERE DU NORD,societe-industrie-cerealiere-du-nord-125665
STE DE CONSTRUCTION ETACHEITE ET REVETEMENT SOL,societe-ste-de-construction-etacheite-et-revetement-sol-22782
AFRIQUE CABLES,societe-afrique-cables-47455
DRAGAGE DES PORTS,societe-dragage-des-ports-56085
LES EMBALAGES MAROCAINS,societe-les-embalages-marocains-35659
IFRIQUIA PLASTIC,societe-ifriquia-plastic-66004
ESPACE MED,societe-espace-med-137417
MUNISYS,societe-munisys-47259
CONSEIL INGENIERIE ET DEVELOPPEMENT,societe-conseil-ingenierie-et-developpement-14627
MARRAKECH PLAZA,societe-marrakech-plaza-13366
FERTI-LOUKKOS,societe-ferti-loukkos-180004
OFFSET POLYPLAST,societe-offset-polyplast-50629
RIAD MOTORS HOLDING,societe-riad-motors-holding-197720
BAYTI INVESTMENT,societe-bayti-investment-149977
MELB,societe-melb-62753
TANGEROISE INDUSTRIELLE DE LINGERIE ET DE CONFECTION,societe-tangeroise-industrielle-de-lingerie-et-de-confection-37519
ISOLUX MAROC,societe-isolux-maroc-102600
TENOR DISTRIB,societe-tenor-distrib-173935
CMB PLASTIQUE MAROC,societe-cmb-plastique-maroc-93320
SOCIETE POUR LA FILATURE DES FIBRES ARTIFICIELLES ET SYNTHETIQUES,societe-societe-pour-la-filature-des-fibres-artificielles-et-synthetiques-59753
ECO-MEDIAS,societe-eco-medias-47919
MICHOC,societe-michoc-71495
INTERSIG MAROC,societe-intersig-maroc-89966
TOTAL CALL,societe-total-call-158487
AGENCE SPECIALE TANGER MEDITERRANEE,societe-agence-speciale-tanger-mediterranee-126180
HEWLETT-PACKARD,societe-hewlett-packard-95899
ATLANTIQUE GRAINS,societe-atlantique-grains-159840
SOCIETE PHARMACEUTIQUE DE CASABLANCA,societe-societe-pharmaceutique-de-casablanca-56165
MB DISTRIBUTION,societe-mb-distribution-161029
GOLF RESORT PALACE,societe-golf-resort-palace-155258
SOCIETE ANONYME DES PALMERAIES KOUTOUBIA,societe-societe-anonyme-des-palmeraies-koutoubia-43895
FARAH MAGHREB,societe-farah-maghreb-59507
RYAD AUTO,societe-ryad-auto-60291
SODEFER,societe-sodefer-95230
AIC METALLURGIE,societe-aic-metallurgie-23635
SCHIELE MAROC,societe-schiele-maroc-41284
LES GRANDS MOULINS DE TIZNIT,societe-les-grands-moulins-de-tiznit-158
BENLARBI FER,societe-benlarbi-fer-177510
CADBURY MOROCCO,societe-cadbury-morocco-66560
DNCD,societe-dncd-103016
KENZ MAROC,societe-kenz-maroc-13641
WOLKAT MAROC,societe-wolkat-maroc-42649
UNIVERS MOTORS DISTRIBUTION,societe-univers-motors-distribution-93081
STE CHERIFIENNE DE DISTRIBUTION ET DE PRESSE,societe-ste-cherifienne-de-distribution-et-de-presse-70779
JAIME RIBEIRO MAROC,societe-jaime-ribeiro-maroc-125094
ALIMENT POUR VOLAILLE EDDIK,societe-aliment-pour-volaille-eddik-60238
BODOR MILLS,societe-bodor-mills-154069
FUTUR FER,societe-futur-fer-148256
ARMOR INDUSTRIES,societe-armor-industries-21012
AVE PHONE,societe-ave-phone-1055
BALTIMAR,societe-baltimar-23558
MAYFAIR DEVELOPMENTS,societe-mayfair-developments-106375
STOKVIS AUTOMOTIVE,societe-stokvis-automotive-11137
GALVAFIL,societe-galvafil-61681
SOCIETE INTERNATIONALE DES TRAVAUX MAROC,societe-societe-internationale-des-travaux-maroc-131552
SOLSIF MAROC,societe-solsif-maroc-19200
SUPER FOODS,societe-super-foods-86550
DELMA D'INVESTISSEMENTS TOURISTIQUES,societe-delma-d-investissements-touristiques-98563
ACHCHARIKA ALMOUTTAHIDA LILMANAJIM,societe-achcharika-almouttahida-lilmanajim-50831
MUNDI RIZ,societe-mundi-riz-99450
ATLANTIC SARDINE ANCHOVIES TANTAN,societe-atlantic-sardine-anchovies-tantan-119542
MAERSK LOGISTICS AND SERVICES MAROC,societe-maersk-logistics-and-services-maroc-125141
CARRIERES ET TRANSPORT MENARA,societe-carrieres-et-transport-menara-8771
SYNTHEMEDIC,societe-synthemedic-48017
SAPINO,societe-sapino-91075
JAMA AUTO,societe-jama-auto-111550
ENTREPRISE MOUSSADAK BOUCHTA,societe-entreprise-moussadak-bouchta-235660
NOVATIS,societe-novatis-138405
UNITED REEFERS MAROC,societe-united-reefers-maroc-127629
MANAFID AL HOUBOUB,societe-manafid-al-houboub-100996
STE D'ETUDE ET D'EXPLOITATION D'ALGUES ET DE PRODUITS MARITIMES,societe-ste-d-etude-et-d-exploitation-d-algues-et-de-produits-maritimes-66211
ESE AL AZHAR CONSTRUCTION ET BATIMENT,societe-ese-al-azhar-construction-et-batiment-34710
WAFA GESTION,societe-wafa-gestion-72544
INDUSTRIE TEXTILE,societe-industrie-textile-61339
FALAH INTERNATIONAL TRADE COMPANY,societe-falah-international-trade-company-107583
BEJOMA,societe-bejoma-9690
FOOD & GOODS DISTRIBUTION,societe-food-goods-distribution-187198
BELDINDE,societe-beldinde-141074
ILAICOM,societe-ilaicom-101529
SOCIETE FASSIE DE FER,societe-societe-fassie-de-fer-80627
INTERNATIONAL PROCUREMENT 4 AFRICA,societe-international-procurement-4-africa-301451
SOCIETE D'IMPRESSION DE TISSUS,societe-societe-d-impression-de-tissus-60993
MAROCAINE D'IMPORTATION DE VENTE D'AUTOMOBILES,societe-marocaine-d-importation-de-vente-d-automobiles-162401
HARFI FERTILISANTS,societe-harfi-fertilisants-158894
SOFT,societe-soft-62414
SOCIETE DE CONSTRUCTION ET DE FABRICATION DE MATERIAUX,societe-societe-de-construction-et-de-fabrication-de-materiaux-10488
IMMOROD,societe-immorod-176068
GLOBAL ENERGY SERVICES SIEMSA MAROC,societe-global-energy-services-siemsa-maroc-204219
STE D'ETUDES ET DE REPRESENTATIONS INDUSTRIELLES AU MAROC,societe-ste-d-etudes-et-de-representations-industrielles-au-maroc-72486
MULTICERAME,societe-multicerame-155066
LA CENTRALE DES TRAVAUX AFRICAINS,societe-la-centrale-des-travaux-africains-54526
IDEALE MAITRE IMPRIMEUR,societe-ideale-maitre-imprimeur-63606
FEED AND FOOD ADDITIFS,societe-feed-and-food-additifs-96073
AGRICULTURAL MATERIELS COMPANY,societe-agricultural-materiels-company-54108
GROUPE BELLAKHDAR CO,societe-groupe-bellakhdar-co-86870
COMPAGNIE MAROCAINE DE PLATRE ET D'ENDUIT,societe-compagnie-marocaine-de-platre-et-d-enduit-85502
PRIAGRUS,societe-priagrus-85099
HYDRAU MAC,societe-hydrau-mac-117867
LA MONEGASQUE VANELLI MAROC,societe-la-monegasque-vanelli-maroc-15549
DISTRAL MAROC,societe-distral-maroc-97178
LUKUS METAL ALAMI,societe-lukus-metal-alami-94915
LES INDUSTRIES ALIMENTAIRES REUNIS,societe-les-industries-alimentaires-reunis-23749
AVENIS,societe-avenis-104082
SOCIETE PHARMACEUTIQUE DU GHARB,societe-societe-pharmaceutique-du-gharb-108846
SOCIETE POUR LA CONSTRUCTION ET L'EXPLOITATION TECHNIQUE DU GAZODUC MAGHREB EUROPE,societe-societe-pour-la-construction-et-l-exploitation-technique-du-gazoduc-maghreb-europe-83139
DIFFAZUR,societe-diffazur-44511
EMIROTEL,societe-emirotel-196780
AUXITEC,societe-auxitec-49867
COMPAGNIE FRANCAISE DE CABLAGE,societe-compagnie-francaise-de-cablage-19796
ZAHRAT AL KASR AL ABIAD,societe-zahrat-al-kasr-al-abiad-149062
G.T.C,societe-g-t-c-89245
SOCIETE MAROCO TUNISIENNE PNEUS AMINE,societe-societe-maroco-tunisienne-pneus-amine-87970
SOCIETE ELECTRIQUE FRERES AMAICHE,societe-societe-electrique-freres-amaiche-43894
SAFILAIT,societe-safilait-162811
PLASTIPAK MAROC,societe-plastipak-maroc-101865
CELLULAR DISTRIBUTION,societe-cellular-distribution-137171
FERROPLAST MAROC,societe-ferroplast-maroc-103351
DIARD MARRAKECH,societe-diard-marrakech-142355
GENERAL COMPANY OF TANGIER,societe-general-company-of-tangier-112700
MORROCAN FOOD PROCESSING,societe-morrocan-food-processing-25203
DELASSUS CITRUS,societe-delassus-citrus-33359
OMNIUM MAGHREBIN DES CONDUITES D'EAU,societe-omnium-maghrebin-des-conduites-d-eau-112946
NOUVELLE STE MAROCAINE DE TANNERIE ET DE MEGISSERIE,societe-nouvelle-ste-marocaine-de-tannerie-et-de-megisserie-8148
TSYPROM LILBINAA,societe-tsyprom-lilbinaa-149232
CLARIANT MAROC,societe-clariant-maroc-73920
ITALCAR,societe-italcar-113172
SOCIETE DE TRAVAUX AGRICOLES INDUSTRIELS ET PUBLICS,societe-societe-de-travaux-agricoles-industriels-et-publics-206254
ZIZ DISTRIBUTION,societe-ziz-distribution-82350
ENTREPRISE BENELHOU FRERES,societe-entreprise-benelhou-freres-120885
DATA BUSINESS AND MARKETING MAROC,societe-data-business-and-marketing-maroc-96232
SOFADEX PURATOS,societe-sofadex-puratos-55893
JESSY DIFFUSION,societe-jessy-diffusion-53601
STE MAROCAINE DE LA PROMOTION D'INOX,societe-ste-marocaine-de-la-promotion-d-inox-62545
MAGHREBINE D'AVICULTURE,societe-maghrebine-d-aviculture-109660
MOROCCAN SHOES COMPANY,societe-moroccan-shoes-company-59439
CHAMMAE TEXTILES,societe-chammae-textiles-30649
AL OMRANE RABAT-SALE-KENITRA,societe-al-omrane-rabat-sale-kenitra-197244
GLOBAL TRADING COMPANY MOROCCO,societe-global-trading-company-morocco-36284
JAMAIN BACO,societe-jamain-baco-65835
STE IMMOBILIERE SAINTE RITA,societe-ste-immobiliere-sainte-rita-121961
MEDIA MIX,societe-media-mix-144169
RICHE BOIS,societe-riche-bois-60459
BOGART,societe-bogart-56428
BELLE AUTO,societe-belle-auto-91680
ARVAL MAROC,societe-arval-maroc-105617
COMPLEXE CERAMIQUE DU MAROC,societe-complexe-ceramique-du-maroc-24701
WAFA LLD,societe-wafa-lld-118001
STE NOUVELLE METALLURGIQUE MAGHREBINE,societe-ste-nouvelle-metallurgique-maghrebine-53031
BENNES MARREL MAROC,societe-bennes-marrel-maroc-74647
MOULINS DOUKKARAT,societe-moulins-doukkarat-78699
CUMAREX,societe-cumarex-107993
HIGHTECH PAYMENT SYSTEMS,societe-hightech-payment-systems-70190
INTERFER,societe-interfer-62483
STE DE TOURISME ET D'ANIMATION,societe-ste-de-tourisme-et-d-animation-33858
SED SOUSS,societe-sed-souss-30689
SOCIETE D'EXPLOITATION DES HOTELS RYAD MOGADOR,societe-societe-d-exploitation-des-hotels-ryad-mogador-122700
SOCIMAR,societe-socimar-70832
OIL STAT,societe-oil-stat-88928
STE NATIONALE DE CARTON ONDULE,societe-ste-nationale-de-carton-ondule-89015
DMV TRANSPORT,societe-dmv-transport-184651
COMPAGNIE MAROCAINE DES EMBALLAGES MUSSY,societe-compagnie-marocaine-des-emballages-mussy-63983
SOCIETE NOUVELLE ELOUIZI DE TRAVAUX,societe-societe-nouvelle-elouizi-de-travaux-90628
FAKHIR ENVIRONNEMENT RECUPERATION SEBT TIT MELLIL,societe-fakhir-environnement-recuperation-sebt-tit-mellil-97148
INABENSA MAROC,societe-inabensa-maroc-72934
PASTOR,societe-pastor-65392
MARLOC,societe-marloc-6143
BRASSERIE DE TANGER,societe-brasserie-de-tanger-35658
ENTREPRISE EL HALLAOUI,societe-entreprise-el-hallaoui-201586
BENABOUD ALIMENTATION,societe-benaboud-alimentation-79413
ENTREPRISE AGAZOUMI,societe-entreprise-agazoumi-145364
TRIO FER,societe-trio-fer-151667
LES ATELIERS DE LINGERIES,societe-les-ateliers-de-lingeries-16786
MOULINS SANABIL,societe-moulins-sanabil-155649
PARFUM CONDITIONNEMENT DESIGN,societe-parfum-conditionnement-design-126665
PHONE SERVIPLUS,societe-phone-serviplus-127407
STE COMMERCIALE ET DE REPRESENTATION GENERALE,societe-ste-commerciale-et-de-representation-generale-61467
CEROSA,societe-cerosa-73797
AMALIL,societe-amalil-95246
AL AJIAL ASSETS,societe-al-ajial-assets-222018
REZO ROUTE,societe-rezo-route-42345
HANOUTY SHOP,societe-hanouty-shop-172180
STE PHARMACEUTIQUE DE LA COTE ATLANTIQUE,societe-ste-pharmaceutique-de-la-cote-atlantique-12264
MOULIM-EQUIPEMENT,societe-moulim-equipement-9770
SOCIETE MAROCAINE DE TREFILAGE,societe-societe-marocaine-de-trefilage-61471
CAVES LA GIRONDE BEVERAGES DISTRIBUTION,societe-caves-la-gironde-beverages-distribution-143809
MAFODER FONDERIE,societe-mafoder-fonderie-58019
BERICOLOR,societe-bericolor-47888
CONSERVERIE HUILERIE ET CEREALES INDUSTRIE,societe-conserverie-huilerie-et-cereales-industrie-86354
SOCIETE NOUVELLE HADID,societe-societe-nouvelle-hadid-147191
STE ARIHA DISTRIBUTION,societe-ste-ariha-distribution-165689
TECHNIPLUS,societe-techniplus-51818
DETAIL INOX MAROC,societe-detail-inox-maroc-56236
NOUVELLE SOCIETE AMADIR,societe-nouvelle-societe-amadir-7676
SOCIETE D'EXPLOITATION DES ETABLISSEMENTS CARRERES-DURISOL,societe-societe-d-exploitation-des-etablissements-carreres-durisol-17571
UNIVERS BAT,societe-univers-bat-20457
ARABE LIBYO-MAROCAINE HOLDING,societe-arabe-libyo-marocaine-holding-51485
ENTREPRISE BACHIR BELKHALFI,societe-entreprise-bachir-belkhalfi-6368
SYSTEMS BIO INDUSTRIES MAROC,societe-systems-bio-industries-maroc-27422
NOUVELLE STE MAGIDEUTZ,societe-nouvelle-ste-magideutz-65910
CIE CHERIFIENNE DE CHOCOLATERIE,societe-cie-cherifienne-de-chocolaterie-5795
STE MAROCAINE DE REALISATION DE TRAVAUX,societe-ste-marocaine-de-realisation-de-travaux-17104
INTER-CONTINENTAL D'INDUSTRIES ET D'EMBALLAGES DE GAZ,societe-inter-continental-d-industries-et-d-emballages-de-gaz-111393
ACCOR GESTION MAROC,societe-accor-gestion-maroc-95291
COOPERS AUDIT MAROC,societe-coopers-audit-maroc-71672
MINOTERIE AIT MELLOUL,societe-minoterie-ait-melloul-30200
LES NOUVEAUX ETABLISSEMENTS EL HARRATI,societe-les-nouveaux-etablissements-el-harrati-23177
ATLANTIQUE VISION,societe-atlantique-vision-153748
FRANCES PROMOCIONES,societe-frances-promociones-185671
SODEXO MAROC,societe-sodexo-maroc-104321
ONAPAR-AMETYS,societe-onapar-ametys-63442
BRINK'S MAROC,societe-brink-s-maroc-100952
SOCIETE DAR JAWDA,societe-societe-dar-jawda-169632
SOCIETE INDUSTRIELLE DU VERRE,societe-societe-industrielle-du-verre-70790
L'EXPERT ELECTROMENAGER,societe-l-expert-electromenager-165781
ETABLISSEMENT BEN CHAIB,societe-etablissement-ben-chaib-60455
LES CAFES DUBOIS,societe-les-cafes-dubois-75697
LUXUS PAPER,societe-luxus-paper-104349
TELINAB MAROC,societe-telinab-maroc-185735
SYNGENTA MAROC,societe-syngenta-maroc-70042
LUMAFRIC,societe-lumafric-60574
TIKIDA DUNES,societe-tikida-dunes-32550
GIL COMES,societe-gil-comes-126038
NATUREX MAROC,societe-naturex-maroc-99164
SOCIETE MAROCAINE DES COLLES,societe-societe-marocaine-des-colles-58717
MELLAH AVENIR DEVELOPPEMENT,societe-mellah-avenir-developpement-129873
VINAIGRERIE MOUTARDERIE DU MAROC,societe-vinaigrerie-moutarderie-du-maroc-58824
JUMBO MOROCCO INCOMING,societe-jumbo-morocco-incoming-13422
"STE DISTRIBUTION PROMOTION ,FORMATION PHARMACEUTIQUE DE KENITRA",societe-ste-distribution-promotion-formation-pharmaceutique-de-kenitra-19551
AL OMRANE FES MEKNES,societe-al-omrane-fes-meknes-197755
COMPAGNIE DE TRAVAUX HYDRAULIQUES DU MAGHREB,societe-compagnie-de-travaux-hydrauliques-du-maghreb-125437
BROYCHIM,societe-broychim-56881
MANUFECTURES DE PAPIERS ET FOURNITURES,societe-manufectures-de-papiers-et-fournitures-44255
LOCASOM,societe-locasom-56247
LIBRAIRIE PAPETERIE NATIONALE,societe-librairie-papeterie-nationale-120236
TANGER MED ZONES,societe-tanger-med-zones-88052
CROSSING,societe-crossing-108171
LA PERLE ELECTRONIQUE,societe-la-perle-electronique-83513
SUNCROPS,societe-suncrops-134176
STE ALISAM,societe-ste-alisam-94358
TIMAR,societe-timar-57525
ORKILA MAROC,societe-orkila-maroc-73112
GHATBEL,societe-ghatbel-144326
SOCIETE FINANCIERE DU SOUSS,societe-societe-financiere-du-souss-30347
STE PROCUMAR,societe-ste-procumar-250
CERABATIM MAROC,societe-cerabatim-maroc-54326
MASAE MEDIA,societe-masae-media-175708
TOUAX MAROC,societe-touax-maroc-44158
CALIFORNIA GARDEN,societe-california-garden-124580
ORIMEX,societe-orimex-28578
ELEC TRIMAROC,societe-elec-trimaroc-50880
SOCIETE DES CAFES SAHARA MAROCAIN,societe-societe-des-cafes-sahara-marocain-86894
TOURELEC,societe-tourelec-72789
CARREFOUR FOOD,societe-carrefour-food-168567
MARBAR CHIMIE,societe-marbar-chimie-46787
APTIV SERVICES TANGER,societe-aptiv-services-tanger-198296
SIEMENS ENERGY,societe-siemens-energy-149390
ANFA PLAGE,societe-anfa-plage-63579
COMPAGNIE INDUSTRIELLE ET COMMERCIALE D'ALIMENTATION,societe-compagnie-industrielle-et-commerciale-d-alimentation-73209
TOUFER,societe-toufer-101393
DATACO,societe-dataco-85013
STEELCASE,societe-steelcase-42885
GLOBAL DISTRIBUTION PHARMACEUTIQUE,societe-global-distribution-pharmaceutique-133816
DERHEM ALONSO MAGHREB,societe-derhem-alonso-maghreb-153684
COMPAGNIE SOUSSIA DE NOUTRITION ANIMALE,societe-compagnie-soussia-de-noutrition-animale-80747
ACCENTURE SERVICES MOROCCO,societe-accenture-services-morocco-85449
HIFEEDS,societe-hifeeds-113865
ETS TOUBOIS,societe-ets-toubois-57830
SOGEBAC,societe-sogebac-107632
SOCIETE DE VINIFICATION ET DE COMMERCIALISATION DU MAROC,societe-societe-de-vinification-et-de-commercialisation-du-maroc-102472
ENTREPRISE DE CONSTRUCTION EL OILAF,societe-entreprise-de-construction-el-oilaf-31933
FACOP,societe-facop-87471
TIMAC AGRO MAROC,societe-timac-agro-maroc-106516
AGREMBAL,societe-agrembal-88283
BOUARGA ROUTIERE,societe-bouarga-routiere-83192
SOCIETE MAROCAINE DE STOCKAGE,societe-societe-marocaine-de-stockage-103586
HOUSSINE POUR LA DISTRIBUTION,societe-houssine-pour-la-distribution-155342
ELECTROCHIMIE AFRICAINE,societe-electrochimie-africaine-40067
RAVAGO CHEMICALS MOROCCO,societe-ravago-chemicals-morocco-148958
SOCIETE DE FABRICATION DE RESERVOIRS METALLIQUES DU NORD,societe-societe-de-fabrication-de-reservoirs-metalliques-du-nord-85366
DELTA CALL,societe-delta-call-133053
PHONE ASSISTANCE,societe-phone-assistance-107489
UNHAP EL JANOUB,societe-unhap-el-janoub-143591
REPARATITION CASABLANCAISE DE MEDICAMETNS,societe-reparatition-casablancaise-de-medicametns-106719
ARYAN'S,societe-aryan-s-56879
STE D'ETUDES ET DE TRAVAUX D'AMENAGEMENT DU TERRITOIRE,societe-ste-d-etudes-et-de-travaux-d-amenagement-du-territoire-15771
RMO MAROC,societe-rmo-maroc-53484
LES LOISIRS DU PARADIS,societe-les-loisirs-du-paradis-161939
CRISTAL STRASS,societe-cristal-strass-58037
OCID METAL,societe-ocid-metal-43211
AGENCE GENERALE DE TRANSIT ET DE TRANSPORTS,societe-agence-generale-de-transit-et-de-transports-72341
MAROC FER,societe-maroc-fer-62748
AL MADA,societe-al-mada-83220
LES RESIDENCES SARANSIFT,societe-les-residences-saransift-169248
LES GRANDS MOULINS D'OUJDA,societe-les-grands-moulins-d-oujda-27233
SOCIETE MAROCAINE DU THE ET DU SUCRE,societe-societe-marocaine-du-the-et-du-sucre-194381
ASSKHOR,societe-asskhor-11655
BIOUGNACH EQUIPEMENTS,societe-biougnach-equipements-94920
STE FOURNITURES DE QUINCAILLERIE SANITAIRES JEDDI,societe-ste-fournitures-de-quincaillerie-sanitaires-jeddi-84154
ATLANTICA PARC,societe-atlantica-parc-101074
AGRIGENE,societe-agrigene-161523
RAJI FRERES,societe-raji-freres-109424
STE SONAJIB DE MATERIAUX DE CONSTRUCTION,societe-ste-sonajib-de-materiaux-de-construction-44922
MANUFACTURE MAROCAINE D'EQUIPEMENT PUBLICS,societe-manufacture-marocaine-d-equipement-publics-28497
USINE PINGOUIN,societe-usine-pingouin-64177
CDG CAPITAL GESTION,societe-cdg-capital-gestion-121962
SOCIETE DESIGN CONSTRUCTIONS OF ROADS BUILDINGS,societe-societe-design-constructions-of-roads-buildings-21629
"FRESENIUS MEDICAL CARE NORD, OUEST ET CENTRE AFRIQUE",societe-fresenius-medical-care-nord-ouest-et-centre-afrique-61873
FILMAR,societe-filmar-103083
STE MAGHREBINE DU SUD FLEUR GAZ,societe-ste-maghrebine-du-sud-fleur-gaz-28270
CASABLANCA JEEMEO CARS,societe-casablanca-jeemeo-cars-132082
PROMAGHREB,societe-promaghreb-60172
SOCIETE COMMERCIALE POUR L'INDUSTRIE AU MAROC,societe-societe-commerciale-pour-l-industrie-au-maroc-75711
VIGANO AUTO,societe-vigano-auto-155501
AUDIT CONSEIL ET FORMATION,societe-audit-conseil-et-formation-107784
SANTIS,societe-santis-48954
MUTRONIC,societe-mutronic-55094
LES GRANDS MOULINS OUARZAZATE,societe-les-grands-moulins-ouarzazate-12914
STE LE GRAND FOYER DU SOUSS,societe-ste-le-grand-foyer-du-souss-8933
SOCIETE ASSOUL POUR LA DISTRIBUTION ET LE COMMERCE,societe-societe-assoul-pour-la-distribution-et-le-commerce-133244
CERAMIQUE OUADRAS,societe-ceramique-ouadras-42682
INDUSTRIE MAROCAINE DU CAFE,societe-industrie-marocaine-du-cafe-70233
SOCIETE DE MESSAGERIE ET MARCHANDISES EXPRESSES,societe-societe-de-messagerie-et-marchandises-expresses-102123
TRAVAUX D'AMENAGEMENT ET DE CONSTRUCTION,societe-travaux-d-amenagement-et-de-construction-14723
FISHEMAR,societe-fishemar-102746
SENAD,societe-senad-87886
STAR AFRIQUE METER,societe-star-afrique-meter-134726
FLEXIMAT,societe-fleximat-50516
AL-SHAMS CONTRACTING COMPANY,societe-al-shams-contracting-company-203192
ENTREPRISE ZERKDI HAJ BRAHIM ET FILS,societe-entreprise-zerkdi-haj-brahim-et-fils-33293
STE MAROCAINE SIMMONS,societe-ste-marocaine-simmons-2695
SOCIETE DE FILATURE ET DE TISSAGE DE MAZAGAN,societe-societe-de-filature-et-de-tissage-de-mazagan-112588
MONZA MOTORS,societe-monza-motors-187523
CASH PLUS,societe-cash-plus-142601
MIPEC,societe-mipec-211563
COLAS EMULSIONS,societe-colas-emulsions-63773
RYAD TICHKA CONSTRUCTION,societe-ryad-tichka-construction-173527
SODAP MAROC,societe-sodap-maroc-8394
JAMAL LAMIRI ALAOUI DESIGN,societe-jamal-lamiri-alaoui-design-158839
LAZRAK MANAGEMENT,societe-lazrak-management-125316
TRANSFOR PAPIER,societe-transfor-papier-64758
UNION MAGHREBINE DE CONDITIONNEMENT,societe-union-maghrebine-de-conditionnement-63871
MAGHREB ACCESSOIRES,societe-maghreb-accessoires-69556
GROUPEMENT INTER PHARMACEUTIQUE MAROCAIN,societe-groupement-inter-pharmaceutique-marocain-44898
LES MOULINS KHAIR AL JANOUB,societe-les-moulins-khair-al-janoub-51103
LE PLASTIQUE,societe-le-plastique-66589
CENTRALE POUR L'EQUIPEMENT DU TERRITOIRE-MAROC,societe-centrale-pour-l-equipement-du-territoire-maroc-18558
RAFIE METAL,societe-rafie-metal-131654
MANAGEM,societe-managem-68453
AKKA GOLD MINING,societe-akka-gold-mining-551
JAPAN MOTORS,societe-japan-motors-62625
COOPER ORIENTAL MEDICA,societe-cooper-oriental-medica-24947
ROSAFLOR,societe-rosaflor-33845
ABB,societe-abb-56196
ARZAK,societe-arzak-89639
PROTECTION ELECTRIQUE ET ELECTRONIQUE,societe-protection-electrique-et-electronique-61650
IMPERIAL PNEU,societe-imperial-pneu-87667
IPSEN LOGISTICS,societe-ipsen-logistics-70687
PROMOTION ET INVESTISSEMENT FONCIER,societe-promotion-et-investissement-foncier-169893
BLANCAFLOR,societe-blancaflor-25937
CENTRE D'ETUDES ET DE RECHERCHES DES PHOSPHATES MINERAUX,societe-centre-d-etudes-et-de-recherches-des-phosphates-mineraux-62840
GREIF PACKAGING MOROCCO,societe-greif-packaging-morocco-102091
AM SAKANE,societe-am-sakane-186795
INTERNATIONAL NURSERY,societe-international-nursery-92434
BETON CHANTIER,societe-beton-chantier-153670
COMPANIA INDUSTRIAL DEL LUKUS,societe-compania-industrial-del-lukus-3601
HAZEM BUILD,societe-hazem-build-169232
COMPTOIRE AGRICOLE DES SEMENCES,societe-comptoire-agricole-des-semences-54425
NUOVA ONDAMAR,societe-nuova-ondamar-141152
STE PHARMACEUTIQUE DU MAGHREB ACHARKI,societe-ste-pharmaceutique-du-maghreb-acharki-24449
MASTER BENNE,societe-master-benne-138927
SIALCO,societe-sialco-33914
TREROC,societe-treroc-141977
DHL LOGISTICS MOROCCO,societe-dhl-logistics-morocco-141782
SOCIETE INDUSTRIELLE DE CONFECTION A MEKNES,societe-societe-industrielle-de-confection-a-meknes-29280
TOP-AUTO MOHAMMEDIA,societe-top-auto-mohammedia-179225
UNION MAROCAINE D'EQUIPEMENT,societe-union-marocaine-d-equipement-74482
FOODS ET GOODS,societe-foods-et-goods-46994
CHINA MOROCAN METERS,societe-china-morocan-meters-210980
UNION PHARMACEUTIQUE DU RIF,societe-union-pharmaceutique-du-rif-80910
RCHM,societe-rchm-195781
SOCIETE MAGHREBINE DES EQUIPEMENTS NATIONAUX,societe-societe-maghrebine-des-equipements-nationaux-58139
SUEZ EL BEIDA,societe-suez-el-beida-76456
F T N AVICOLE,societe-f-t-n-avicole-145988
AQUAPLAST,societe-aquaplast-223861
LINGOT METAL,societe-lingot-metal-92411
STE NOUVELLE DE LA BISCUITERIE DE MEKNES,societe-ste-nouvelle-de-la-biscuiterie-de-meknes-63390
ATTIJARI INTERMEDIATION,societe-attijari-intermediation-69964
STE STRAGEC,societe-ste-stragec-88017
SOCIETE IMMOBILIERE POUR LA PROMOTION DES ACTIVITES TOURISTIQUES,societe-societe-immobiliere-pour-la-promotion-des-activites-touristiques-110602
ALSTOM MAROC,societe-alstom-maroc-121060
MORO TISSUE,societe-moro-tissue-169542
STE COUSCOUS TENSIFT,societe-ste-couscous-tensift-9084
STE MAGHREBINE DES POLYMERES,societe-ste-maghrebine-des-polymeres-83959
DAIWA TEX,societe-daiwa-tex-202651
OMOURA,societe-omoura-100081
EXCEL PLAST,societe-excel-plast-439599
LIBRAIRIE PAPETERIE DES ECOLES A.MOYNIER ET CIE,societe-librairie-papeterie-des-ecoles-a-moynier-et-cie-70594
OUSNI TRAVAUX,societe-ousni-travaux-10978
A2S INDUSTRIES,societe-a2s-industries-93817
MERCA FISH,societe-merca-fish-103549
STE NOUVELLE COSARNO,societe-ste-nouvelle-cosarno-34387
MOULIN FALAH,societe-moulin-falah-24775
MERCK SHARP ET DOHME,societe-merck-sharp-et-dohme-85157
AVANTA MAROC,societe-avanta-maroc-45970
STANDARD EQUIPE AUTO,societe-standard-equipe-auto-21477
KASBA RESORT,societe-kasba-resort-124699
SIGMATEL,societe-sigmatel-45789
MULTI CHEMICAL INDUSTRY,societe-multi-chemical-industry-45940
ROBINSON NETWORK COMMUNICATION,societe-robinson-network-communication-95753
COMPTOIR PHARMACEUTIQUE ET PARAPHARMACEUTIQUE DU NORD,societe-comptoir-pharmaceutique-et-parapharmaceutique-du-nord-39790
LAFARGE PLACO MAROC,societe-lafarge-placo-maroc-94615
CEVA SANTE ANIMALE,societe-ceva-sante-animale-73420
FRAM ORANGE TOURS,societe-fram-orange-tours-8535
AGMA,societe-agma-61945
AGMA,societe-agma-61945
ATLAS COUSCOUS,societe-atlas-couscous-77478
ALEPTEX,societe-aleptex-41144
STE ANONYME D'ENTREPRISES MINIERES,societe-ste-anonyme-d-entreprises-minieres-90046
REGIONAL AIR LINES,societe-regional-air-lines-77910
CHARAFTEX,societe-charaftex-91647
MULTIPROBAT,societe-multiprobat-50897
STERIFIL,societe-sterifil-52704
SOCIETE COMMERCIALE DE CHARBONS ET BOIS,societe-societe-commerciale-de-charbons-et-bois-68401
COMPTOIR NATIONAL DE PAPETERIE,societe-comptoir-national-de-papeterie-67404
URBAS MAROC,societe-urbas-maroc-174338
TANGEROIS,societe-tangerois-50420
IBM APPLICATIONS & TECHNOLOGIES,societe-ibm-applications-technologies-139013
OMNIDATA,societe-omnidata-49495
STE MINOTERIE A CEREALES SECONDAIRES ET LEGUMINEUSES D'AZLI,societe-ste-minoterie-a-cereales-secondaires-et-legumineuses-d-azli-5386
STE BEL MEKKI HASSAN ET FILS,societe-ste-bel-mekki-hassan-et-fils-74570
FROIDEL,societe-froidel-58508
MICROSOFT MAROC,societe-microsoft-maroc-40819
CTM MESSAGERIE,societe-ctm-messagerie-104393
LABORATOIRE PHARMACEUTIQUE NOVOPHARMA,societe-laboratoire-pharmaceutique-novopharma-57483
UNION PHARMACEUTIQUE MAROCAINE,societe-union-pharmaceutique-marocaine-16215
ETABLISSEMENT NECOMANS,societe-etablissement-necomans-171266
KAYE ALUMINIUM TANGER,societe-kaye-aluminium-tanger-128252
3 M MAROC,societe-3-m-maroc-68959
FOODIS,societe-foodis-158172
COPRIL,societe-copril-148916
STE DE TRAVAUX D'ADDUCTION D'EAU ET D'ASSAINISSEMENT,societe-ste-de-travaux-d-adduction-d-eau-et-d-assainissement-34161
POLYFIL,societe-polyfil-25904
BETON INDUSTRIE MANUFACTURE,societe-beton-industrie-manufacture-41358
MAROFER,societe-marofer-55123
KNITWEAR DESIGN AND SOURCING,societe-knitwear-design-and-sourcing-143587
ONLINE TRANSACTION TECHNOLOGIES,societe-online-transaction-technologies-102291
PERLA FOOD DISTRIBUTION,societe-perla-food-distribution-202559
IMPRIMERIE MODERNE,societe-imprimerie-moderne-61858
PRECISION MAROC,societe-precision-maroc-59646
SUNBAT,societe-sunbat-31839
ELECTRA,societe-electra-8317
AZED BTP,societe-azed-btp-13478
PATY'S,societe-paty-s-49065
STE MAROCAINE DE FABRICATIONS COTONNIERES,societe-ste-marocaine-de-fabrications-cotonnieres-5643
SOCIETE NOUVELLE DES MOULINS ESSAADIYINES,societe-societe-nouvelle-des-moulins-essaadiyines-28748
SAKANI,societe-sakani-135347
SOCIETE DE TRANSPORT AFRIQUE EUROPE,societe-societe-de-transport-afrique-europe-151891
VASCOLUB,societe-vascolub-44580
MAHR DE COMMERCIALISATION ET DE DISTRIBUTION D'APPROVISIONNEMENT,societe-mahr-de-commercialisation-et-de-distribution-d-approvisionnement-86839
CENTRAL GARAGE,societe-central-garage-29536
SOCIETE D'ELEVAGE ET DE TRANSFORMATION DE LA DINDE,societe-societe-d-elevage-et-de-transformation-de-la-dinde-79184
LES COUVOIRS DU NORD,societe-les-couvoirs-du-nord-28963
ABDERRAHMANE I,societe-abderrahmane-i-53194
MATAHINES SAFIA,societe-matahines-safia-2347
STE IMMOBILIERE ET COMMERCIALE NICOLE,societe-ste-immobiliere-et-commerciale-nicole-37138
STE NORD AFRICAINE DE TRANSACTION D'IMPORT EXPORT,societe-ste-nord-africaine-de-transaction-d-import-export-26092
MED SOURCING,societe-med-sourcing-116049
BOUDERKA,societe-bouderka-93294
KADIR DISTRIBUTION,societe-kadir-distribution-81479
ESPADIS,societe-espadis-117173
OMNIUM AGRICOLE DU SOUSS,societe-omnium-agricole-du-souss-32883
STE DE GERANCE STATION SERVICE TAKADOUM,societe-ste-de-gerance-station-service-takadoum-11437
KASBAH TOURS INTERNATIONAL,societe-kasbah-tours-international-60661
FOUR SEASONS TRAVEL,societe-four-seasons-travel-31693
HOLIDAYS SERVICES,societe-holidays-services-31771
TRIVIUM PACKAGING MOROCCO,societe-trivium-packaging-morocco-193250
STE DE DISTRIBUTION DES VIANDES DU SAHEL,societe-ste-de-distribution-des-viandes-du-sahel-39095
GROUPEMENT COMMERCIAL DU DETROIT,societe-groupement-commercial-du-detroit-96046
SOCIETE INDUSTRIELLE ET COMMERCIALE POUR LE DEVELOPPEMENT AGRICOLE,societe-societe-industrielle-et-commerciale-pour-le-developpement-agricole-28485
L'UNION MAGRIBINE DES PRODUITS ET CEREALE,societe-l-union-magribine-des-produits-et-cereale-161612
COMPTOIR IBAFIS,societe-comptoir-ibafis-30537
ANTOLIN TANGER,societe-antolin-tanger-155731
STE SEMENCES ET GRAINS ZOHOR,societe-ste-semences-et-grains-zohor-27981
PANTCO,societe-pantco-51757
TOUBKAL FER,societe-toubkal-fer-9697
MAZARS AUDIT ET CONSEIL,societe-mazars-audit-et-conseil-92060
LC BUILDING,societe-lc-building-80810
CAFES CARRION,societe-cafes-carrion-37932
REMINEX,societe-reminex-55983
NARJISS,societe-narjiss-58577
JAWDA FER,societe-jawda-fer-136335
SOCIETE BOUNOU ET ASSOCIES DE MATERIAUX DE CONSTRUCTION,societe-societe-bounou-et-associes-de-materiaux-de-construction-36334
LES LABORATOIRES AZBANE,societe-les-laboratoires-azbane-60479
CRIT,societe-crit-134203
CASA VIANDE,societe-casa-viande-157319
MAROCAPRES,societe-marocapres-26566
CHANTIERS ET ATELIERS DU MAROC,societe-chantiers-et-ateliers-du-maroc-6789
OMNUIM FER AINAQI,societe-omnuim-fer-ainaqi-141200
TOP COMPUTER,societe-top-computer-53629
ETABLISSEMENTS TREMOLEDE,societe-etablissements-tremolede-8365
SOCIETE INDUSTRIELLE MAROCAINE D'APPAREILLAGE ELECTRIQUE,societe-societe-industrielle-marocaine-d-appareillage-electrique-60672
PRINCE AUTO,societe-prince-auto-100319
ACTIVE LOCATION,societe-active-location-194512
UNION MAROC EMIRATS ARABES UNIS DE PECHE,societe-union-maroc-emirats-arabes-unis-de-peche-52025
EKMAN CONVERTING,societe-ekman-converting-133248
MATAHINE BLADI,societe-matahine-bladi-11018
COOPERATION PHARMACEUTIQUE D'AGADIR,societe-cooperation-pharmaceutique-d-agadir-33243
ARCO BETON,societe-arco-beton-1234
BAB AL BAHR DEVELOPEMENT COMPANY,societe-bab-al-bahr-developement-company-220492
