URL,Nombre d'articles
https://www.avito.ma/fr/boutique?id=6397,8 Articles
https://www.avito.ma/fr/boutique?id=2255,9 Articles
https://www.avito.ma/fr/boutique?id=6345,27 Articles
https://www.avito.ma/fr/boutique?id=5004,32 Articles
https://www.avito.ma/fr/boutique?id=1923,90 Articles
https://www.avito.ma/fr/boutique?id=4866,1709 Articles
https://www.avito.ma/fr/boutique?id=4865,1531 Articles
https://www.avito.ma/fr/boutique?id=6523,1 Articles
https://www.avito.ma/fr/boutique?id=6514,1 Articles
https://www.avito.ma/fr/boutique?id=5753,10 Articles
https://www.avito.ma/fr/boutique?id=6307,22 Articles
https://www.avito.ma/fr/boutique?id=3656,25 Articles
https://www.avito.ma/fr/boutique?id=6503,1 Articles
https://www.avito.ma/fr/boutique?id=4878,26 Articles
https://www.avito.ma/fr/boutique?id=6398,46 Articles
https://www.avito.ma/fr/boutique?id=4245,1194 Articles
https://www.avito.ma/fr/boutique?id=871,289 Articles
https://www.avito.ma/fr/boutique?id=2160,113 Articles
https://www.avito.ma/fr/boutique?id=6450,21 Articles
https://www.avito.ma/fr/boutique?id=1480,111 Articles
https://www.avito.ma/fr/boutique?id=1279,7 Articles
https://www.avito.ma/fr/boutique?id=6477,23 Articles
https://www.avito.ma/fr/boutique?id=4889,5399 Articles
https://www.avito.ma/fr/boutique?id=6409,74 Articles
https://www.avito.ma/fr/boutique?id=2420,10 Articles
https://www.avito.ma/fr/boutique?id=4299,16 Articles
https://www.avito.ma/fr/boutique?id=6453,1 Articles
https://www.avito.ma/fr/boutique?id=1829,32 Articles
https://www.avito.ma/fr/boutique?id=1666,15 Articles
https://www.avito.ma/fr/boutique?id=3131,104 Articles
https://www.avito.ma/fr/boutique?id=6449,8 Articles
https://www.avito.ma/fr/boutique?id=4780,70 Articles
https://www.avito.ma/fr/boutique?id=6444,3 Articles
https://www.avito.ma/fr/boutique?id=4824,204 Articles
https://www.avito.ma/fr/boutique?id=1532,126 Articles
https://www.avito.ma/fr/boutique?id=4152,140 Articles
https://www.avito.ma/fr/boutique?id=1141,626 Articles
https://www.avito.ma/fr/boutique?id=311,100 Articles
https://www.avito.ma/fr/boutique?id=6417,13 Articles
https://www.avito.ma/fr/boutique?id=1697,2 Articles
https://www.avito.ma/fr/boutique?id=6376,35 Articles
https://www.avito.ma/fr/boutique?id=6415,3 Articles
https://www.avito.ma/fr/boutique?id=6402,4 Articles
https://www.avito.ma/fr/boutique?id=3625,22 Articles
https://www.avito.ma/fr/boutique?id=2984,21 Articles
https://www.avito.ma/fr/boutique?id=5536,34 Articles
https://www.avito.ma/fr/boutique?id=3490,106 Articles
https://www.avito.ma/fr/boutique?id=2784,837 Articles
https://www.avito.ma/fr/boutique?id=988,192 Articles
https://www.avito.ma/fr/boutique?id=4779,206 Articles
https://www.avito.ma/fr/boutique?id=5717,399 Articles
https://www.avito.ma/fr/boutique?id=5123,46 Articles
https://www.avito.ma/fr/boutique?id=1898,37 Articles
https://www.avito.ma/fr/boutique?id=1756,272 Articles
https://www.avito.ma/fr/boutique?id=6391,8 Articles
https://www.avito.ma/fr/boutique?id=3359,48 Articles
https://www.avito.ma/fr/boutique?id=4003,146 Articles
https://www.avito.ma/fr/boutique?id=4444,25 Articles
https://www.avito.ma/fr/boutique?id=6363,1 Articles
https://www.avito.ma/fr/boutique?id=4989,15 Articles
https://www.avito.ma/fr/boutique?id=5617,41 Articles
https://www.avito.ma/fr/boutique?id=4579,6 Articles
https://www.avito.ma/fr/boutique?id=6303,36 Articles
https://www.avito.ma/fr/boutique?id=782,16 Articles
https://www.avito.ma/fr/boutique?id=1904,452 Articles
https://www.avito.ma/fr/boutique?id=2970,9 Articles
https://www.avito.ma/fr/boutique?id=3430,28 Articles
https://www.avito.ma/fr/boutique?id=2820,210 Articles
https://www.avito.ma/fr/boutique?id=4052,121 Articles
https://www.avito.ma/fr/boutique?id=5730,4 Articles
https://www.avito.ma/fr/boutique?id=5643,1 Articles
https://www.avito.ma/fr/boutique?id=6344,0 Articles
https://www.avito.ma/fr/boutique?id=6353,0 Articles
https://www.avito.ma/fr/boutique?id=6369,0 Articles
https://www.avito.ma/fr/boutique?id=6370,0 Articles
https://www.avito.ma/fr/boutique?id=4715,0 Articles
https://www.avito.ma/fr/boutique?id=6388,0 Articles
https://www.avito.ma/fr/boutique?id=3398,0 Articles
https://www.avito.ma/fr/boutique?id=6347,0 Articles
https://www.avito.ma/fr/boutique?id=6437,0 Articles
https://www.avito.ma/fr/boutique?id=6428,0 Articles
https://www.avito.ma/fr/boutique?id=3338,0 Articles
https://www.avito.ma/fr/boutique?id=3431,0 Articles
https://www.avito.ma/fr/boutique?id=6470,0 Articles
https://www.avito.ma/fr/boutique?id=6478,0 Articles
https://www.avito.ma/fr/boutique?id=6497,0 Articles
https://www.avito.ma/fr/boutique?id=6314,0 Articles
https://www.avito.ma/fr/boutique?id=6271,0 Articles
https://www.avito.ma/fr/boutique?id=6538,0 Articles
https://www.avito.ma/fr/boutique?id=6535,0 Articles
https://www.avito.ma/fr/boutique?id=6537,0 Articles
https://www.avito.ma/fr/boutique?id=6543,0 Articles
https://www.avito.ma/fr/boutique?id=6546,0 Articles
