Nom,Numero
Got Pets,0681171486
ELECTRO-RIMO,0707160260
SIACMO,0661962878
212 LINK,0661040481
Élevage darbist,0632401852
Strafobureautica,0621562572
TGS GROUP,0661510593
Multi Tech,0620934868
PC GAMER CASA,0697694132
MYORDI,0614144343
ELUSIVE,0778169566
boutique Farhane,0671122353
PC-ZONE,0661969070
LMM AGENCEMENT,0606219617
EASYCASE,0669206888
comptoir industriel,0666837895
STOCKAGE MAROC,0669322954
DSI TECHNOLOGY,0661608917
Home Shoping,0663730131
JM Technologie,0661095167
INT RAYONNAGE,0774895809
Amomed,0661377907
BLOG BUREAU,0666133036
Rayonnage,0660554680
Rayonnage et manutention,0679827769
ETTC HOME ET DECOR,0666712853
CARREFOUR FOURNITURE.MA SARL,0666590809
ETTC HOME DECOR,0666712853
Basma Park sarl,0771630316
Tonpc ma,0661746827
Wino Shop,0666657878
MOBILIER BUREAU PRO,0640395875
Agence de voyage sakina voyage,0696374326
Equipements pour restaurateurs,0662363858
Ghitta,0709602626
Décoration Elhaj,0667641220
Haj Abdo Décoration,0608974105
PORTE-TECH SOLUTIONS,0701057778
MAGIC EQUIPEMENT,0711117412
DIGIT STORE,0663606651
Porte Blindee MegaSecure,0661291305
ESSERR TRADING,0640580766
Prixdusines,0619223223
UPES IMPORT-EXPORT,N/A
CNC MAROC INDUSTRY,0629283540
EL AMRANI MOBILIER,0661119268
Select Informatique,0634229072
source agencement 3,0663639556
Indus Rayonnage SARL,0629086508
HOUSE ELECTRO QODS,0648982221
sahara mobilier,0664001885
ST Domotique Maroc,0672638351
Insid plus,0661695984
Smart Look,0707179751
Mobiliers Pro,0664399487
Gsm Mokhtar المختار,0666252447
SPSID,0662774657
Jalal Decor,0696114033
source agencement Principal,0660936093
futureTech,0694354984
Smart Deals,0690441444
bensaid,0676424393
HB Solutions,0701067770
Best Price Rabat,0605037181
Pépinière Tafoukt,0616844826
MA Mobilier,0661086671
Arthome design,0631202202
REDLIGHTING,0661861800
Meubles bureau wassim,0675649111
Compumax,0660203636
importateur,0661858864
Animal King,0649053461
HACHIMI STORE,0663252263
Softplay,0661149699
ANASS ART,0643480063
Brico Tanja,0691504444
magri mobile,0638303307
Boutique K,0660530349
invemar Copieur,0610615742
DEKAFLO S A R L,0668087701
SM MANUTENTION,0679827769
NRJSOL,0615151155
ABDO ELECTRONICS,0654823616
Univers Espion,0667670222
Allal Med,0601078272
Réduction de la ville,0627477816
Société Commerciale Orientale,0664757013
PC GEANT,N/A
IETech,0641648375
Dastech,0606518731
Source Agencement,0663533374
Transport et déménagement Maroc,0674654016
Sam Fitness,0661488713
INDUS RAYONNAGE 1,0664871492
BABYSHOP,0662590913
MEGAMAQ,0679829205
i-Parts Trading Markets,0770555444
Coin Sport,0663294027
Tarek Magasin info,0676325733
DEALTECH MAROC,0612897817
INDUS RAYONNAGE 3,0640870466
MAROC INDUSTRIE CNC,0600054031
MedTech Store,0710365177
Nitro phone,0660678982
Elevage puppy,0645266301
DELTA GSM,0770766060
Service de Proximité,0691914641
Informatica,0649196719
CASH SYSTEME,0665883946
Electro Abdou,0649201527
Puppy shop,0601052198
KMT Coding Solutions,0666752318
LINA OXYGEN,0775114152
ENERGY LOC,0620486949
Pcmarrakech.com,0660408485
poussette bebe houda,0655751191
Animalerie Shop,0661749081
TOP Phone,0672931616
E-shop,0661583104
YAHYA ART,0695597945
Source photo Rabat,0666558429
HiTech Store,0605052105
IP CLOUD SERVICE 4K,0618744545
OPAL,0688004707
SOJIB MAROC,0661601762
Telestore ma,0665132665
Ordikazion,0672816378
ATAT EL OULFA ZOUBIR,0678130717
Allo Electro,0663026599
Citystore.ma,0629773879
Rabat Tech Store,0659841392
LuxMeuble,0668077791
prixbaa com,0600340736
Just 4 You animali,0619429981
Luxephone,0707118115
ISLAM CAISSE TACTILE,0662098983
Billards El Baza,0602109387
sookking.com,0662018383
DENNAI PRATIQUE,0661241227
Basha Computer,0661525502
pro mobilier,0664177302
Meuble Jidar,0643230959
AB Store,0600400700
ASWAK INFORMATIQUE,0702072021
Wood & Metal,0665650151
SAHARA BUREAU,0663531444
Terra design,0673570004
MAROCBIT,0662669797
Super Tech,0763099308
Green Shop,0644290069
PRO EQUIPEMENTS,0694515050
Panier Media,0670133676
PHONE LOCK TAOUFIK,0644831640
Besystem,0657532693
ecole Marocaine Canine De Dressage,0663646839
INNOVATICE,0606677727
Animalerie Marjane,0619678101
Construmetallique Yasser,0709409962
SOURCE AGENCEMENT GROSSISTE,0663533374
Pangone Store,0633331813
INDUS RAYONNAGE 2,0660741320
Lehardware,0661400494
ATLAS,0764448332
Atelier212,0673570004
E-Dose Electronics,0643432032
SAHARA BUREAU,0699645494
SAHARA MOBILIER,0665108329
Highline,0661969689
MOBI-OFFICE,0609713874
VICTORIA DESIGN,0660403019
FILTRE D EAU,0661512714
La Passion De L image,0689391440
Le Coin Gamer,0648880609
SAB TECHNOLOGIE,0618764401
Store GBM,0671999333
NIAMI,0710710710
Decoration Artisanat Marrakech En Marbre Fossilise,0671588167
Decor Tahiri,0600670731
Capturashop,0600830888
Sandalye equipements,0661655851
IRMED SARL,0626414851
GSM Ibrahim islame,0605612424
Fullpix.ma,0663306393
Mac PLUS,0656200447
SKYMAX MAROC,0661740800
PC World Kenitra,0627374762
7m PC,0660340530
Avito Test Shop,0606070709
Wazo Tech,0660758753
Noureddine fitness,0633282845
moussaoui pub,0669331561
JS NEW TECH,0661169554
Univers Canin D3 Maroc,0671861089
- - Marasys - - Maroc Atlantic Systems,N/A
CHABAB TECH ThinkStation Maroc,0661330405
GloBaLe néo SoLoTionS,0667557748
Medical Gym Equipments,0650757250
MOVENS MAROC,N/A
Poly Place,0666420152
Raja Shop,0660506577
INDUS RAYONNAGE,0603257318
Achraf Cameras,0672179822
F2BUSNESS,0604041288
MasTer-CiTy-ShoP,0655519351
AMI Shopping,0601144660
LeMagasin ma,0600686681
yatiQue,0600227127
Rafie Phone,0661438172
PC CITY,0761512465
PetSpace,0658764375
librairie ancienne,0634030077
Olympia Sport,0638328176
POSTE DE TRAVAIL,0664738372
WORKSTATION MAROC,0664738372
CNPRINT,0662252469
GAMING-STATION,0664738372
STATION DE TRAVAIL,0664738372
Electro GSM,0659015160
FASHION HOME,0664646529
MEUBLE SHOP,0664749431
Mon copieur By CPI Trade,0663772319
Ascenseur Maroc,0694496265
BricoJit,0661467185
STE KADIMED SARL,0768647580
MAGIC MOBILIER,0608580005
Agrimarket,0621584986
KATA & BUREAU ET INFORMATIQUE.,0664144491
DAMS SHOP,0675017412
NovaTech,0616213180
Monde Meuble mobilier bureau,0674060304
NEWTECH,0666858675
Omega Music,0708470026
ATLANTIC GSM,0632397070
CENTRALE OCCAZ,N/A
MAROC-POS,0664653310
Electro Fatal,0639853788
anas store,0650177870
SCO,0691914641
KariMobile,0613646807
hilalsport,0661192432
Grossiste chambre lit salon,0674060304
Jet modulaire,0707111777
Koulchi Shop,0643611700
Coach Sportif Professionnel,0675898196
HaMouDa TaPisseRie DéCoRaTiOn,0635079596
vPro.Tech,0721219639
Shop RsNetwork,0603069104
zenata clim,0662113573
FED DESIGN,0668653257
Meubles Issam,0612618119
Planet Computer,0633621110
RICOH KONICA MINOLTA,0601380384
El hilaly équipement,0662172409
GebComputer,0604841990
RevoLogic,0667883187
Goodelectro,0662337560
AB Digital,0621313083
F2 BUSNESS,0604041288
Electronly,0710100800
Immo Casablanca,0680093950
Chaise et fauteuil,0675522185
COMAGEL FACTORY,0660016852
Hi Baby,0662337560
GOLDEN FLOWER,0645179608
MYTEK,0661059659
Ismart shop,0707061065
Lune Parks,0661199039
Espace Fitness,0649830717
