url,Nom Hote,Ville,Prix,Nom Annonce,Type Annonce,Note,Nombre Chambres,Nombre Lits,Nombre SDB,Description du logement
https://airbnb.fr/rooms/53750106?adults=1&category_tag=Tag%3A8102&children=0&enable_m3_private_room=true&infants=0&pets=0&photo_id=1301218069&search_mode=regular_search&check_in=2024-06-09&check_out=2024-06-14&source_impression_id=p3_1717495627_P3Ma2GIgj6J-Qg3n&previous_page_section_name=1000&federated_search_id=c3f4e6d5-700c-4e8e-b1ff-818a53217a47,Hote : Omar, Meknes ,MAD2 090 ,Riad Zyna privatise: 6 chambres 12 personnes.,Riad ," 4,71 ", 6 chambres , 7 lits , 6 salles de bain,N/A
https://airbnb.fr/rooms/714401991993277005?adults=1&category_tag=Tag%3A677&children=0&enable_m3_private_room=true&infants=0&pets=0&photo_id=1488490415&search_mode=regular_search&check_in=2024-06-11&check_out=2024-06-16&source_impression_id=p3_1717495564_P3ppY00fmF2zik5I&previous_page_section_name=1000&federated_search_id=5529c855-0926-4a1b-906a-3cb2a320e343,Hote : Dounia, Marrakech ,MAD1 690 ,Villa Charmante avec piscine - Club de golf Samanah,Villa ," 4,62 ", 3 chambres , 6 lits , 3 salles de bain et 1 toilette,"La villa située sur le Samanah golf club. Idéalement placée à 20 min de Marrakech sur la prestigieuse route d'Amizmiz, elle est composée de 3 chambres toutes avec salle de bains et wc. Vous avez accès à toute la villa, au parcours de golf (payant) ainsi qu'aux terrains de tennis (payant). Un séjour avec cheminée, une grande cuisine avec salle à manger et barbecue sont mis à votre disposition, le tout ouvrant sur la piscine.
La villa est idéale pour les voyages en famille ou entre golfeurs."
https://airbnb.fr/rooms/684462369096343691?adults=1&category_tag=Tag%3A677&children=0&enable_m3_private_room=true&infants=0&pets=0&photo_id=1866936936&search_mode=regular_search&check_in=2024-06-18&check_out=2024-06-23&source_impression_id=p3_1717495634_P37-0HPansInomnZ&previous_page_section_name=1000&federated_search_id=0dd2d54a-b850-41d0-9430-ca3dac22e9bb,Hote : Nouhaila, Marrakech ,MAD1 616 ,Darna: Villa rustique en terre avec piscine,Villa ," 4,72 ", 3 chambres , 4 lits , 4 salles de bain,"Les trois chambres de la villa peuvent accueillir 6 personnes dans des conditions optimales.
Les chambres sont toutes munies d’une salle de bain privative composées de douche et lavabos haut de gamme ont chacune leur propre design choisi avec soin. d’une literie de qualité hôtelière haut de gamme choisi minutieusement vous garanti une expérience douce et reposante et d’une télévision à écran plat
Une cuisine toute équipée avec salon/salle à manger, réfrigérateur, four, plaque de cuisson , machine à laver, sèche-linge, lave-vaisselle.
Ce qui rajoute au charme imcomparable de ce bijoux de construction, c'est son salon entièrement ouvert offrant le spectacle d'une vue imprenable sur la piscine de jour comme de nuit."
https://airbnb.fr/rooms/769288846923676006?adults=1&category_tag=Tag%3A677&children=0&enable_m3_private_room=true&infants=0&pets=0&photo_id=1535018107&search_mode=regular_search&check_in=2024-06-05&check_out=2024-06-10&source_impression_id=p3_1717495548_P38Jh5uBgk8SaxZx&previous_page_section_name=1000&federated_search_id=8d1d67fb-adc8-4dcb-a4fa-b638c467f230,Hote : Jean Louis, DOUAR OUMNASS ,N/A,"Dar Bablou, charme berbere 30 mn de Marrakech",Hebergement ," 4,97 ", 2 chambres , 2 lits , 2 salles de bain,"Salon, coin bureau, salle à manger, cuisine, salle de bain en rez de chaussée,une grande chambre au premier étage avec terrasse et 2eme chambre/salle de bain NON ATTENANTE en rez de jardin.
Suite aux retours de parents d'enfants en bas âge , nous informons que la maison n est pas adaptée pour les petits (piscine non sécurisée , escalier non sécurisé, cuisine ouverte et 2eme chambre NON ATTENANTE A LA MAISON )
Wifi dans le salon et terrasse ventilateurs au plafond dans les chambres."
https://airbnb.fr/rooms/9144001?adults=1&category_tag=Tag%3A8526&children=0&enable_m3_private_room=true&infants=0&pets=0&photo_id=1207515878&search_mode=regular_search&check_in=2024-06-26&check_out=2024-07-01&source_impression_id=p3_1717495619_P3L86WyNEYmjGiIR&previous_page_section_name=1000&federated_search_id=aa1ad911-cfc9-4113-876d-d9fddcb3f7cd,Hote : Abdel, Taghazout ,MAD1 331 ,Maison romantique a Madraba vue mer,Hebergement ," 4,93 ", 2 chambres , 2 lits , 0 salle de bain,"Soleil toute l année,les pieds dans l eau,plein sud,très calme"
https://airbnb.fr/rooms/50606013?adults=1&category_tag=Tag%3A677&children=0&enable_m3_private_room=true&infants=0&pets=0&photo_id=1210864807&search_mode=regular_search&check_in=2024-06-27&check_out=2024-07-02&source_impression_id=p3_1717495548_P3OvG55MP230STwr&previous_page_section_name=1000&federated_search_id=8d1d67fb-adc8-4dcb-a4fa-b638c467f230,Hote : Hayat, Marrakech ,MAD1 637 ,Villa Sacha - Marrakech - (3 chambres a 6 personnes),Villa ," 4,61 ", 3 chambres , 3 lits , 3 salles de bain,"Mon logement est contre le golf ""Argan"" & ""Noria"", les activités adaptées aux familles et aux golfeurs . Vous apprécierez mon logement pour son calme, l'emplacement à deux pas du centre ville et les espaces extérieurs.
Mon logement est parfait pour les couples, les voyageurs en solo, les voyageurs d'affaires, les familles (avec enfants)."
https://airbnb.fr/rooms/1100275087274308448?adults=1&category_tag=Tag%3A8525&children=0&enable_m3_private_room=true&infants=0&pets=0&photo_id=1853681402&search_mode=regular_search&check_in=2024-07-22&check_out=2024-07-27&source_impression_id=p3_1717495520_P3n3uWIfsjOO4x9B&previous_page_section_name=1000&federated_search_id=53654d8f-a9e6-4f83-86b6-8fd278fcdb3a,Hote : Eliott, Marrakech ,MAD7 490 ,Belle villa avec piscine a Argan Golf Resort,Hebergement ," 5,0 ", 5 chambres , 5 lits , 4 salles de bain et 1 toilette,"Cette élégante Villa de style contemporain, avec façades californiennes et piscine balinaise peut accueillir jusqu’à 10 voyageurs.

Elle se compose de 1 salon avec TV donnant sur 1 salle à manger cathedral et 1 cuisine américaine avec ilot central. 1 chambre double et 1 salle de bain. 1 WC invité. Au premier étage 4 chambres avec lit double, espaces de rangement, grand dressing et 4 terrasses. Ainsi que 3 salles de bain.

Grand jardin fleuri et entretenu quotidiennement.
Présence sur place du gardien pour vous aider et vous accompagner si besoin durant votre séjour.
Système de télésurveillance à la porte d’entrée."
https://airbnb.fr/rooms/8904272?adults=1&category_tag=Tag%3A677&children=0&enable_m3_private_room=true&infants=0&pets=0&photo_id=415003004&search_mode=regular_search&check_in=2024-06-04&check_out=2024-06-09&source_impression_id=p3_1717495498_P3QTPbAYUrsK26sJ&previous_page_section_name=1000&federated_search_id=2802ffa1-727e-41ec-b92f-e30589c16d51,Hote : Mohamed, Skoura ,N/A,Kasbah Ait Benhadda avec piscine,Chambre d'hotes ," 4,81 ", 10 chambres , 28 lits ,,"A la kasbah Ait BenHada il ya des chambres climatisées avec des armoires et des salles de bains (eau chaud) avec douche.une piscine trais agréable pour l’été et en vous invite de Venez vous détendre prés de la cheminée dans la salle commune pour les 2 mois d’hiver au sud marocain.
Sur skoura(adresse avec piscine) nous somme 10/10 qualité prix : Le prix de la chambre avec petite déjeuner est 15€ par personne(nous avons des chambre single,double,quadriple et des grands suite familial), le dîner est à 10€ par personne , pour les famille qui voyage avec des enfants , le prix de diner pour les enfnats moin de 12 ans est 5€( par enfants) pôssible aussi de faire des repas végétarien au spécial sur demande.
Possible de faire des viste sur skoura : la palmoraie , les kasbahs....est déjeuner a partire de 8€ par adulte."
https://airbnb.fr/rooms/33508750?adults=1&category_tag=Tag%3A8102&children=0&enable_m3_private_room=true&infants=0&pets=0&photo_id=714792323&search_mode=regular_search&check_in=2024-06-08&check_out=2024-06-13&source_impression_id=p3_1717495619_P3B_u5lPA-70YW_9&previous_page_section_name=1000&federated_search_id=aa1ad911-cfc9-4113-876d-d9fddcb3f7cd,Hote : Yassine, Agadir ,MAD636 ,Superbe studio a La Marina - 100 pieds de la plage,Appartement en residence ," 4,81 ", 1 chambre , 2 lits , 2 salles de bain,"Je parle français, en anglais et arabe. Je répondrai à toutes vos préoccupations et veillerai à ce que vous profitiez de votre séjour."
https://airbnb.fr/rooms/720008145087354523?adults=1&category_tag=Tag%3A8525&children=0&enable_m3_private_room=true&infants=0&pets=0&photo_id=1493646460&search_mode=regular_search&check_in=2024-09-05&check_out=2024-09-10&source_impression_id=p3_1717495520_P3heoRBZA6N0RrQh&previous_page_section_name=1000&federated_search_id=53654d8f-a9e6-4f83-86b6-8fd278fcdb3a,Hote : Didier, Marrakech ,MAD1 310 ,Loft de charme dans la palmeraie,Villa ," 4,95 ", 1 chambre , 1 lit , 1 salle de bain,"À 15 mn du centre ville un petit coin de paradis .
Maisonnette style loft , sans vis à vis , jardin paysagé .
Une chambre , possibilité un enfant sur vaste banquette .
Accès piscine avec espace réservé et terrain de pétanque pour les amateurs ."
,,,,